,Gender,Organ,Type,Value
WI,All Genders,All Organs,Leading Death Mechanism,1
WA,All Genders,All Organs,Leading Death Mechanism,1
VA,All Genders,All Organs,Leading Death Mechanism,1
UT,All Genders,All Organs,Leading Death Mechanism,2
TX,All Genders,All Organs,Leading Death Mechanism,1
TN,All Genders,All Organs,Leading Death Mechanism,1
SC,All Genders,All Organs,Leading Death Mechanism,1
PR,All Genders,All Organs,Leading Death Mechanism,1
PA,All Genders,All Organs,Leading Death Mechanism,1
OR,All Genders,All Organs,Leading Death Mechanism,2
OK,All Genders,All Organs,Leading Death Mechanism,2
OH,All Genders,All Organs,Leading Death Mechanism,1
NC,All Genders,All Organs,Leading Death Mechanism,1
NY,All Genders,All Organs,Leading Death Mechanism,1
NM,All Genders,All Organs,Leading Death Mechanism,2
NJ,All Genders,All Organs,Leading Death Mechanism,1
NV,All Genders,All Organs,Leading Death Mechanism,1
NE,All Genders,All Organs,Leading Death Mechanism,1
MO,All Genders,All Organs,Leading Death Mechanism,1
MS,All Genders,All Organs,Leading Death Mechanism,1
MN,All Genders,All Organs,Leading Death Mechanism,1
MI,All Genders,All Organs,Leading Death Mechanism,1
MA,All Genders,All Organs,Leading Death Mechanism,1
MD,All Genders,All Organs,Leading Death Mechanism,1
LA,All Genders,All Organs,Leading Death Mechanism,1
KY,All Genders,All Organs,Leading Death Mechanism,1
KS,All Genders,All Organs,Leading Death Mechanism,1
IA,All Genders,All Organs,Leading Death Mechanism,1
IN,All Genders,All Organs,Leading Death Mechanism,2
IL,All Genders,All Organs,Leading Death Mechanism,1
HI,All Genders,All Organs,Leading Death Mechanism,1
GA,All Genders,All Organs,Leading Death Mechanism,1
FL,All Genders,All Organs,Leading Death Mechanism,1
DC,All Genders,All Organs,Leading Death Mechanism,1
CT,All Genders,All Organs,Leading Death Mechanism,1
CO,All Genders,All Organs,Leading Death Mechanism,2
CA,All Genders,All Organs,Leading Death Mechanism,1
AR,All Genders,All Organs,Leading Death Mechanism,1
AZ,All Genders,All Organs,Leading Death Mechanism,2
AL,All Genders,All Organs,Leading Death Mechanism,1
WI,All Genders,All Organs,Total Donors,192
WA,All Genders,All Organs,Total Donors,176
VA,All Genders,All Organs,Total Donors,179
UT,All Genders,All Organs,Total Donors,83
TX,All Genders,All Organs,Total Donors,656
TN,All Genders,All Organs,Total Donors,301
SC,All Genders,All Organs,Total Donors,103
PR,All Genders,All Organs,Total Donors,105
PA,All Genders,All Organs,Total Donors,611
OR,All Genders,All Organs,Total Donors,75
OK,All Genders,All Organs,Total Donors,94
OH,All Genders,All Organs,Total Donors,297
NC,All Genders,All Organs,Total Donors,299
NY,All Genders,All Organs,Total Donors,358
NM,All Genders,All Organs,Total Donors,34
NJ,All Genders,All Organs,Total Donors,139
NV,All Genders,All Organs,Total Donors,75
NE,All Genders,All Organs,Total Donors,40
MO,All Genders,All Organs,Total Donors,165
MS,All Genders,All Organs,Total Donors,76
MN,All Genders,All Organs,Total Donors,153
MI,All Genders,All Organs,Total Donors,261
MA,All Genders,All Organs,Total Donors,217
MD,All Genders,All Organs,Total Donors,142
LA,All Genders,All Organs,Total Donors,170
KY,All Genders,All Organs,Total Donors,88
KS,All Genders,All Organs,Total Donors,209
IA,All Genders,All Organs,Total Donors,60
IN,All Genders,All Organs,Total Donors,154
IL,All Genders,All Organs,Total Donors,270
HI,All Genders,All Organs,Total Donors,57
GA,All Genders,All Organs,Total Donors,269
FL,All Genders,All Organs,Total Donors,554
DC,All Genders,All Organs,Total Donors,132
CT,All Genders,All Organs,Total Donors,42
CO,All Genders,All Organs,Total Donors,126
CA,All Genders,All Organs,Total Donors,861
AR,All Genders,All Organs,Total Donors,67
AZ,All Genders,All Organs,Total Donors,143
AL,All Genders,All Organs,Total Donors,110
WI,All Genders,All Organs,Total Recovered,668
WA,All Genders,All Organs,Total Recovered,624
VA,All Genders,All Organs,Total Recovered,599
UT,All Genders,All Organs,Total Recovered,279
TX,All Genders,All Organs,Total Recovered,2357
TN,All Genders,All Organs,Total Recovered,1088
SC,All Genders,All Organs,Total Recovered,385
PR,All Genders,All Organs,Total Recovered,359
PA,All Genders,All Organs,Total Recovered,2102
OR,All Genders,All Organs,Total Recovered,271
OK,All Genders,All Organs,Total Recovered,360
OH,All Genders,All Organs,Total Recovered,1067
NC,All Genders,All Organs,Total Recovered,1060
NY,All Genders,All Organs,Total Recovered,1093
NM,All Genders,All Organs,Total Recovered,106
NJ,All Genders,All Organs,Total Recovered,451
NV,All Genders,All Organs,Total Recovered,274
NE,All Genders,All Organs,Total Recovered,139
MO,All Genders,All Organs,Total Recovered,618
MS,All Genders,All Organs,Total Recovered,286
MN,All Genders,All Organs,Total Recovered,553
MI,All Genders,All Organs,Total Recovered,902
MA,All Genders,All Organs,Total Recovered,732
MD,All Genders,All Organs,Total Recovered,533
LA,All Genders,All Organs,Total Recovered,618
KY,All Genders,All Organs,Total Recovered,317
KS,All Genders,All Organs,Total Recovered,721
IA,All Genders,All Organs,Total Recovered,213
IN,All Genders,All Organs,Total Recovered,609
IL,All Genders,All Organs,Total Recovered,925
HI,All Genders,All Organs,Total Recovered,156
GA,All Genders,All Organs,Total Recovered,922
FL,All Genders,All Organs,Total Recovered,1957
DC,All Genders,All Organs,Total Recovered,421
CT,All Genders,All Organs,Total Recovered,156
CO,All Genders,All Organs,Total Recovered,449
CA,All Genders,All Organs,Total Recovered,3115
AR,All Genders,All Organs,Total Recovered,241
AZ,All Genders,All Organs,Total Recovered,511
AL,All Genders,All Organs,Total Recovered,365
WI,All Genders,Kidney,Total Recovered,354
WA,All Genders,Kidney,Total Recovered,342
VA,All Genders,Kidney,Total Recovered,335
UT,All Genders,Kidney,Total Recovered,160
TX,All Genders,Kidney,Total Recovered,1157
TN,All Genders,Kidney,Total Recovered,558
SC,All Genders,Kidney,Total Recovered,189
PR,All Genders,Kidney,Total Recovered,184
PA,All Genders,Kidney,Total Recovered,1081
OR,All Genders,Kidney,Total Recovered,144
OK,All Genders,Kidney,Total Recovered,182
OH,All Genders,Kidney,Total Recovered,547
NC,All Genders,Kidney,Total Recovered,548
NY,All Genders,Kidney,Total Recovered,593
NM,All Genders,Kidney,Total Recovered,64
NJ,All Genders,Kidney,Total Recovered,264
NV,All Genders,Kidney,Total Recovered,146
NE,All Genders,Kidney,Total Recovered,76
MO,All Genders,Kidney,Total Recovered,278
MS,All Genders,Kidney,Total Recovered,145
MN,All Genders,Kidney,Total Recovered,285
MI,All Genders,Kidney,Total Recovered,478
MA,All Genders,Kidney,Total Recovered,409
MD,All Genders,Kidney,Total Recovered,257
LA,All Genders,Kidney,Total Recovered,279
KY,All Genders,Kidney,Total Recovered,170
KS,All Genders,Kidney,Total Recovered,376
IA,All Genders,Kidney,Total Recovered,116
IN,All Genders,Kidney,Total Recovered,291
IL,All Genders,Kidney,Total Recovered,483
HI,All Genders,Kidney,Total Recovered,110
GA,All Genders,Kidney,Total Recovered,417
FL,All Genders,Kidney,Total Recovered,993
DC,All Genders,Kidney,Total Recovered,213
CT,All Genders,Kidney,Total Recovered,82
CO,All Genders,Kidney,Total Recovered,236
CA,All Genders,Kidney,Total Recovered,1629
AR,All Genders,Kidney,Total Recovered,122
AZ,All Genders,Kidney,Total Recovered,265
AL,All Genders,Kidney,Total Recovered,196
WI,All Genders,Pancreas,Total Recovered,0
WA,All Genders,Pancreas,Total Recovered,11
VA,All Genders,Pancreas,Total Recovered,2
UT,All Genders,Pancreas,Total Recovered,31
TX,All Genders,Pancreas,Total Recovered,23
TN,All Genders,Pancreas,Total Recovered,8
SC,All Genders,Pancreas,Total Recovered,1
PR,All Genders,Pancreas,Total Recovered,0
PA,All Genders,Pancreas,Total Recovered,87
OR,All Genders,Pancreas,Total Recovered,10
OK,All Genders,Pancreas,Total Recovered,20
OH,All Genders,Pancreas,Total Recovered,66
NC,All Genders,Pancreas,Total Recovered,56
NY,All Genders,Pancreas,Total Recovered,46
NM,All Genders,Pancreas,Total Recovered,2
NJ,All Genders,Pancreas,Total Recovered,19
NV,All Genders,Pancreas,Total Recovered,14
NE,All Genders,Pancreas,Total Recovered,9
MO,All Genders,Pancreas,Total Recovered,22
MS,All Genders,Pancreas,Total Recovered,9
MN,All Genders,Pancreas,Total Recovered,34
MI,All Genders,Pancreas,Total Recovered,41
MA,All Genders,Pancreas,Total Recovered,40
MD,All Genders,Pancreas,Total Recovered,39
LA,All Genders,Pancreas,Total Recovered,41
KY,All Genders,Pancreas,Total Recovered,13
KS,All Genders,Pancreas,Total Recovered,43
IA,All Genders,Pancreas,Total Recovered,14
IN,All Genders,Pancreas,Total Recovered,49
IL,All Genders,Pancreas,Total Recovered,83
HI,All Genders,Pancreas,Total Recovered,8
GA,All Genders,Pancreas,Total Recovered,41
FL,All Genders,Pancreas,Total Recovered,91
DC,All Genders,Pancreas,Total Recovered,21
CT,All Genders,Pancreas,Total Recovered,11
CO,All Genders,Pancreas,Total Recovered,23
CA,All Genders,Pancreas,Total Recovered,141
AR,All Genders,Pancreas,Total Recovered,6
AZ,All Genders,Pancreas,Total Recovered,24
AL,All Genders,Pancreas,Total Recovered,20
WI,All Genders,Liver,Total Recovered,153
WA,All Genders,Liver,Total Recovered,136
VA,All Genders,Liver,Total Recovered,149
UT,All Genders,Liver,Total Recovered,53
TX,All Genders,Liver,Total Recovered,511
TN,All Genders,Liver,Total Recovered,265
SC,All Genders,Liver,Total Recovered,96
PR,All Genders,Liver,Total Recovered,89
PA,All Genders,Liver,Total Recovered,536
OR,All Genders,Liver,Total Recovered,65
OK,All Genders,Liver,Total Recovered,78
OH,All Genders,Liver,Total Recovered,245
NC,All Genders,Liver,Total Recovered,220
NY,All Genders,Liver,Total Recovered,293
NM,All Genders,Liver,Total Recovered,25
NJ,All Genders,Liver,Total Recovered,89
NV,All Genders,Liver,Total Recovered,62
NE,All Genders,Liver,Total Recovered,34
MO,All Genders,Liver,Total Recovered,140
MS,All Genders,Liver,Total Recovered,69
MN,All Genders,Liver,Total Recovered,131
MI,All Genders,Liver,Total Recovered,187
MA,All Genders,Liver,Total Recovered,158
MD,All Genders,Liver,Total Recovered,122
LA,All Genders,Liver,Total Recovered,162
KY,All Genders,Liver,Total Recovered,75
KS,All Genders,Liver,Total Recovered,148
IA,All Genders,Liver,Total Recovered,45
IN,All Genders,Liver,Total Recovered,136
IL,All Genders,Liver,Total Recovered,204
HI,All Genders,Liver,Total Recovered,34
GA,All Genders,Liver,Total Recovered,242
FL,All Genders,Liver,Total Recovered,478
DC,All Genders,Liver,Total Recovered,109
CT,All Genders,Liver,Total Recovered,37
CO,All Genders,Liver,Total Recovered,103
CA,All Genders,Liver,Total Recovered,672
AR,All Genders,Liver,Total Recovered,62
AZ,All Genders,Liver,Total Recovered,120
AL,All Genders,Liver,Total Recovered,97
WI,All Genders,Intestine,Total Recovered,2
WA,All Genders,Intestine,Total Recovered,1
VA,All Genders,Intestine,Total Recovered,3
UT,All Genders,Intestine,Total Recovered,3
TX,All Genders,Intestine,Total Recovered,5
TN,All Genders,Intestine,Total Recovered,8
SC,All Genders,Intestine,Total Recovered,2
PR,All Genders,Intestine,Total Recovered,0
PA,All Genders,Intestine,Total Recovered,4
OR,All Genders,Intestine,Total Recovered,0
OK,All Genders,Intestine,Total Recovered,3
OH,All Genders,Intestine,Total Recovered,1
NC,All Genders,Intestine,Total Recovered,4
NY,All Genders,Intestine,Total Recovered,6
NM,All Genders,Intestine,Total Recovered,0
NJ,All Genders,Intestine,Total Recovered,0
NV,All Genders,Intestine,Total Recovered,4
NE,All Genders,Intestine,Total Recovered,0
MO,All Genders,Intestine,Total Recovered,1
MS,All Genders,Intestine,Total Recovered,2
MN,All Genders,Intestine,Total Recovered,2
MI,All Genders,Intestine,Total Recovered,6
MA,All Genders,Intestine,Total Recovered,3
MD,All Genders,Intestine,Total Recovered,0
LA,All Genders,Intestine,Total Recovered,3
KY,All Genders,Intestine,Total Recovered,2
KS,All Genders,Intestine,Total Recovered,1
IA,All Genders,Intestine,Total Recovered,2
IN,All Genders,Intestine,Total Recovered,12
IL,All Genders,Intestine,Total Recovered,7
HI,All Genders,Intestine,Total Recovered,0
GA,All Genders,Intestine,Total Recovered,4
FL,All Genders,Intestine,Total Recovered,13
DC,All Genders,Intestine,Total Recovered,0
CT,All Genders,Intestine,Total Recovered,0
CO,All Genders,Intestine,Total Recovered,1
CA,All Genders,Intestine,Total Recovered,8
AR,All Genders,Intestine,Total Recovered,0
AZ,All Genders,Intestine,Total Recovered,0
AL,All Genders,Intestine,Total Recovered,1
WI,All Genders,Heart,Total Recovered,52
WA,All Genders,Heart,Total Recovered,59
VA,All Genders,Heart,Total Recovered,38
UT,All Genders,Heart,Total Recovered,29
TX,All Genders,Heart,Total Recovered,236
TN,All Genders,Heart,Total Recovered,92
SC,All Genders,Heart,Total Recovered,36
PR,All Genders,Heart,Total Recovered,24
PA,All Genders,Heart,Total Recovered,159
OR,All Genders,Heart,Total Recovered,25
OK,All Genders,Heart,Total Recovered,32
OH,All Genders,Heart,Total Recovered,95
NC,All Genders,Heart,Total Recovered,80
NY,All Genders,Heart,Total Recovered,99
NM,All Genders,Heart,Total Recovered,6
NJ,All Genders,Heart,Total Recovered,37
NV,All Genders,Heart,Total Recovered,20
NE,All Genders,Heart,Total Recovered,8
MO,All Genders,Heart,Total Recovered,48
MS,All Genders,Heart,Total Recovered,27
MN,All Genders,Heart,Total Recovered,47
MI,All Genders,Heart,Total Recovered,87
MA,All Genders,Heart,Total Recovered,56
MD,All Genders,Heart,Total Recovered,42
LA,All Genders,Heart,Total Recovered,44
KY,All Genders,Heart,Total Recovered,23
KS,All Genders,Heart,Total Recovered,64
IA,All Genders,Heart,Total Recovered,18
IN,All Genders,Heart,Total Recovered,61
IL,All Genders,Heart,Total Recovered,76
HI,All Genders,Heart,Total Recovered,0
GA,All Genders,Heart,Total Recovered,95
FL,All Genders,Heart,Total Recovered,176
DC,All Genders,Heart,Total Recovered,26
CT,All Genders,Heart,Total Recovered,16
CO,All Genders,Heart,Total Recovered,48
CA,All Genders,Heart,Total Recovered,279
AR,All Genders,Heart,Total Recovered,19
AZ,All Genders,Heart,Total Recovered,45
AL,All Genders,Heart,Total Recovered,27
WI,All Genders,Lung,Total Recovered,55
WA,All Genders,Lung,Total Recovered,60
VA,All Genders,Lung,Total Recovered,53
UT,All Genders,Lung,Total Recovered,26
TX,All Genders,Lung,Total Recovered,338
TN,All Genders,Lung,Total Recovered,106
SC,All Genders,Lung,Total Recovered,47
PR,All Genders,Lung,Total Recovered,45
PA,All Genders,Lung,Total Recovered,235
OR,All Genders,Lung,Total Recovered,27
OK,All Genders,Lung,Total Recovered,45
OH,All Genders,Lung,Total Recovered,113
NC,All Genders,Lung,Total Recovered,152
NY,All Genders,Lung,Total Recovered,56
NM,All Genders,Lung,Total Recovered,9
NJ,All Genders,Lung,Total Recovered,42
NV,All Genders,Lung,Total Recovered,28
NE,All Genders,Lung,Total Recovered,12
MO,All Genders,Lung,Total Recovered,129
MS,All Genders,Lung,Total Recovered,34
MN,All Genders,Lung,Total Recovered,54
MI,All Genders,Lung,Total Recovered,103
MA,All Genders,Lung,Total Recovered,66
MD,All Genders,Lung,Total Recovered,73
LA,All Genders,Lung,Total Recovered,89
KY,All Genders,Lung,Total Recovered,34
KS,All Genders,Lung,Total Recovered,89
IA,All Genders,Lung,Total Recovered,18
IN,All Genders,Lung,Total Recovered,60
IL,All Genders,Lung,Total Recovered,72
HI,All Genders,Lung,Total Recovered,4
GA,All Genders,Lung,Total Recovered,123
FL,All Genders,Lung,Total Recovered,206
DC,All Genders,Lung,Total Recovered,52
CT,All Genders,Lung,Total Recovered,10
CO,All Genders,Lung,Total Recovered,38
CA,All Genders,Lung,Total Recovered,386
AR,All Genders,Lung,Total Recovered,32
AZ,All Genders,Lung,Total Recovered,57
AL,All Genders,Lung,Total Recovered,24
WI,All Genders,All Organs,Total Transplanted,559
WA,All Genders,All Organs,Total Transplanted,525
VA,All Genders,All Organs,Total Transplanted,476
UT,All Genders,All Organs,Total Transplanted,259
TX,All Genders,All Organs,Total Transplanted,2061
TN,All Genders,All Organs,Total Transplanted,899
SC,All Genders,All Organs,Total Transplanted,331
PR,All Genders,All Organs,Total Transplanted,293
PA,All Genders,All Organs,Total Transplanted,1569
OR,All Genders,All Organs,Total Transplanted,249
OK,All Genders,All Organs,Total Transplanted,323
OH,All Genders,All Organs,Total Transplanted,953
NC,All Genders,All Organs,Total Transplanted,868
NY,All Genders,All Organs,Total Transplanted,956
NM,All Genders,All Organs,Total Transplanted,89
NJ,All Genders,All Organs,Total Transplanted,378
NV,All Genders,All Organs,Total Transplanted,234
NE,All Genders,All Organs,Total Transplanted,130
MO,All Genders,All Organs,Total Transplanted,556
MS,All Genders,All Organs,Total Transplanted,249
MN,All Genders,All Organs,Total Transplanted,465
MI,All Genders,All Organs,Total Transplanted,775
MA,All Genders,All Organs,Total Transplanted,635
MD,All Genders,All Organs,Total Transplanted,431
LA,All Genders,All Organs,Total Transplanted,556
KY,All Genders,All Organs,Total Transplanted,274
KS,All Genders,All Organs,Total Transplanted,626
IA,All Genders,All Organs,Total Transplanted,189
IN,All Genders,All Organs,Total Transplanted,530
IL,All Genders,All Organs,Total Transplanted,800
HI,All Genders,All Organs,Total Transplanted,116
GA,All Genders,All Organs,Total Transplanted,821
FL,All Genders,All Organs,Total Transplanted,1751
DC,All Genders,All Organs,Total Transplanted,356
CT,All Genders,All Organs,Total Transplanted,138
CO,All Genders,All Organs,Total Transplanted,390
CA,All Genders,All Organs,Total Transplanted,2787
AR,All Genders,All Organs,Total Transplanted,205
AZ,All Genders,All Organs,Total Transplanted,438
AL,All Genders,All Organs,Total Transplanted,317
WI,All Genders,Kidney,Total Transplanted,285
WA,All Genders,Kidney,Total Transplanted,294
VA,All Genders,Kidney,Total Transplanted,248
UT,All Genders,Kidney,Total Transplanted,144
TX,All Genders,Kidney,Total Transplanted,924
TN,All Genders,Kidney,Total Transplanted,407
SC,All Genders,Kidney,Total Transplanted,154
PR,All Genders,Kidney,Total Transplanted,134
PA,All Genders,Kidney,Total Transplanted,789
OR,All Genders,Kidney,Total Transplanted,131
OK,All Genders,Kidney,Total Transplanted,164
OH,All Genders,Kidney,Total Transplanted,456
NC,All Genders,Kidney,Total Transplanted,427
NY,All Genders,Kidney,Total Transplanted,491
NM,All Genders,Kidney,Total Transplanted,50
NJ,All Genders,Kidney,Total Transplanted,213
NV,All Genders,Kidney,Total Transplanted,116
NE,All Genders,Kidney,Total Transplanted,70
MO,All Genders,Kidney,Total Transplanted,230
MS,All Genders,Kidney,Total Transplanted,121
MN,All Genders,Kidney,Total Transplanted,220
MI,All Genders,Kidney,Total Transplanted,373
MA,All Genders,Kidney,Total Transplanted,352
MD,All Genders,Kidney,Total Transplanted,194
LA,All Genders,Kidney,Total Transplanted,227
KY,All Genders,Kidney,Total Transplanted,135
KS,All Genders,Kidney,Total Transplanted,308
IA,All Genders,Kidney,Total Transplanted,101
IN,All Genders,Kidney,Total Transplanted,250
IL,All Genders,Kidney,Total Transplanted,394
HI,All Genders,Kidney,Total Transplanted,84
GA,All Genders,Kidney,Total Transplanted,339
FL,All Genders,Kidney,Total Transplanted,840
DC,All Genders,Kidney,Total Transplanted,176
CT,All Genders,Kidney,Total Transplanted,72
CO,All Genders,Kidney,Total Transplanted,203
CA,All Genders,Kidney,Total Transplanted,1406
AR,All Genders,Kidney,Total Transplanted,97
AZ,All Genders,Kidney,Total Transplanted,215
AL,All Genders,Kidney,Total Transplanted,157
WI,All Genders,Pancreas,Total Transplanted,40
WA,All Genders,Pancreas,Total Transplanted,17
VA,All Genders,Pancreas,Total Transplanted,17
UT,All Genders,Pancreas,Total Transplanted,7
TX,All Genders,Pancreas,Total Transplanted,89
TN,All Genders,Pancreas,Total Transplanted,44
SC,All Genders,Pancreas,Total Transplanted,12
PR,All Genders,Pancreas,Total Transplanted,15
PA,All Genders,Pancreas,Total Transplanted,49
OR,All Genders,Pancreas,Total Transplanted,10
OK,All Genders,Pancreas,Total Transplanted,13
OH,All Genders,Pancreas,Total Transplanted,59
NC,All Genders,Pancreas,Total Transplanted,30
NY,All Genders,Pancreas,Total Transplanted,34
NM,All Genders,Pancreas,Total Transplanted,1
NJ,All Genders,Pancreas,Total Transplanted,14
NV,All Genders,Pancreas,Total Transplanted,10
NE,All Genders,Pancreas,Total Transplanted,7
MO,All Genders,Pancreas,Total Transplanted,19
MS,All Genders,Pancreas,Total Transplanted,5
MN,All Genders,Pancreas,Total Transplanted,21
MI,All Genders,Pancreas,Total Transplanted,37
MA,All Genders,Pancreas,Total Transplanted,22
MD,All Genders,Pancreas,Total Transplanted,23
LA,All Genders,Pancreas,Total Transplanted,37
KY,All Genders,Pancreas,Total Transplanted,9
KS,All Genders,Pancreas,Total Transplanted,32
IA,All Genders,Pancreas,Total Transplanted,11
IN,All Genders,Pancreas,Total Transplanted,34
IL,All Genders,Pancreas,Total Transplanted,55
HI,All Genders,Pancreas,Total Transplanted,6
GA,All Genders,Pancreas,Total Transplanted,38
FL,All Genders,Pancreas,Total Transplanted,72
DC,All Genders,Pancreas,Total Transplanted,15
CT,All Genders,Pancreas,Total Transplanted,7
CO,All Genders,Pancreas,Total Transplanted,21
CA,All Genders,Pancreas,Total Transplanted,109
AR,All Genders,Pancreas,Total Transplanted,4
AZ,All Genders,Pancreas,Total Transplanted,18
AL,All Genders,Pancreas,Total Transplanted,16
WI,All Genders,Liver,Total Transplanted,126
WA,All Genders,Liver,Total Transplanted,97
VA,All Genders,Liver,Total Transplanted,119
UT,All Genders,Liver,Total Transplanted,50
TX,All Genders,Liver,Total Transplanted,474
TN,All Genders,Liver,Total Transplanted,247
SC,All Genders,Liver,Total Transplanted,85
PR,All Genders,Liver,Total Transplanted,84
PA,All Genders,Liver,Total Transplanted,414
OR,All Genders,Liver,Total Transplanted,56
OK,All Genders,Liver,Total Transplanted,67
OH,All Genders,Liver,Total Transplanted,234
NC,All Genders,Liver,Total Transplanted,199
NY,All Genders,Liver,Total Transplanted,275
NM,All Genders,Liver,Total Transplanted,24
NJ,All Genders,Liver,Total Transplanted,76
NV,All Genders,Liver,Total Transplanted,56
NE,All Genders,Liver,Total Transplanted,33
MO,All Genders,Liver,Total Transplanted,130
MS,All Genders,Liver,Total Transplanted,63
MN,All Genders,Liver,Total Transplanted,121
MI,All Genders,Liver,Total Transplanted,172
MA,All Genders,Liver,Total Transplanted,141
MD,All Genders,Liver,Total Transplanted,108
LA,All Genders,Liver,Total Transplanted,157
KY,All Genders,Liver,Total Transplanted,72
KS,All Genders,Liver,Total Transplanted,136
IA,All Genders,Liver,Total Transplanted,39
IN,All Genders,Liver,Total Transplanted,116
IL,All Genders,Liver,Total Transplanted,198
HI,All Genders,Liver,Total Transplanted,22
GA,All Genders,Liver,Total Transplanted,226
FL,All Genders,Liver,Total Transplanted,459
DC,All Genders,Liver,Total Transplanted,89
CT,All Genders,Liver,Total Transplanted,33
CO,All Genders,Liver,Total Transplanted,84
CA,All Genders,Liver,Total Transplanted,608
AR,All Genders,Liver,Total Transplanted,53
AZ,All Genders,Liver,Total Transplanted,106
AL,All Genders,Liver,Total Transplanted,92
WI,All Genders,Intestine,Total Transplanted,2
WA,All Genders,Intestine,Total Transplanted,1
VA,All Genders,Intestine,Total Transplanted,3
UT,All Genders,Intestine,Total Transplanted,3
TX,All Genders,Intestine,Total Transplanted,4
TN,All Genders,Intestine,Total Transplanted,8
SC,All Genders,Intestine,Total Transplanted,2
PR,All Genders,Intestine,Total Transplanted,0
PA,All Genders,Intestine,Total Transplanted,4
OR,All Genders,Intestine,Total Transplanted,0
OK,All Genders,Intestine,Total Transplanted,3
OH,All Genders,Intestine,Total Transplanted,1
NC,All Genders,Intestine,Total Transplanted,4
NY,All Genders,Intestine,Total Transplanted,6
NM,All Genders,Intestine,Total Transplanted,0
NJ,All Genders,Intestine,Total Transplanted,0
NV,All Genders,Intestine,Total Transplanted,4
NE,All Genders,Intestine,Total Transplanted,0
MO,All Genders,Intestine,Total Transplanted,1
MS,All Genders,Intestine,Total Transplanted,2
MN,All Genders,Intestine,Total Transplanted,2
MI,All Genders,Intestine,Total Transplanted,6
MA,All Genders,Intestine,Total Transplanted,3
MD,All Genders,Intestine,Total Transplanted,0
LA,All Genders,Intestine,Total Transplanted,3
KY,All Genders,Intestine,Total Transplanted,2
KS,All Genders,Intestine,Total Transplanted,1
IA,All Genders,Intestine,Total Transplanted,2
IN,All Genders,Intestine,Total Transplanted,10
IL,All Genders,Intestine,Total Transplanted,6
HI,All Genders,Intestine,Total Transplanted,0
GA,All Genders,Intestine,Total Transplanted,4
FL,All Genders,Intestine,Total Transplanted,10
DC,All Genders,Intestine,Total Transplanted,0
CT,All Genders,Intestine,Total Transplanted,0
CO,All Genders,Intestine,Total Transplanted,1
CA,All Genders,Intestine,Total Transplanted,7
AR,All Genders,Intestine,Total Transplanted,0
AZ,All Genders,Intestine,Total Transplanted,0
AL,All Genders,Intestine,Total Transplanted,1
WI,All Genders,Heart,Total Transplanted,51
WA,All Genders,Heart,Total Transplanted,58
VA,All Genders,Heart,Total Transplanted,37
UT,All Genders,Heart,Total Transplanted,29
TX,All Genders,Heart,Total Transplanted,235
TN,All Genders,Heart,Total Transplanted,91
SC,All Genders,Heart,Total Transplanted,35
PR,All Genders,Heart,Total Transplanted,24
PA,All Genders,Heart,Total Transplanted,149
OR,All Genders,Heart,Total Transplanted,25
OK,All Genders,Heart,Total Transplanted,32
OH,All Genders,Heart,Total Transplanted,95
NC,All Genders,Heart,Total Transplanted,78
NY,All Genders,Heart,Total Transplanted,99
NM,All Genders,Heart,Total Transplanted,6
NJ,All Genders,Heart,Total Transplanted,37
NV,All Genders,Heart,Total Transplanted,20
NE,All Genders,Heart,Total Transplanted,8
MO,All Genders,Heart,Total Transplanted,48
MS,All Genders,Heart,Total Transplanted,27
MN,All Genders,Heart,Total Transplanted,47
MI,All Genders,Heart,Total Transplanted,86
MA,All Genders,Heart,Total Transplanted,55
MD,All Genders,Heart,Total Transplanted,40
LA,All Genders,Heart,Total Transplanted,44
KY,All Genders,Heart,Total Transplanted,23
KS,All Genders,Heart,Total Transplanted,64
IA,All Genders,Heart,Total Transplanted,18
IN,All Genders,Heart,Total Transplanted,61
IL,All Genders,Heart,Total Transplanted,76
HI,All Genders,Heart,Total Transplanted,0
GA,All Genders,Heart,Total Transplanted,95
FL,All Genders,Heart,Total Transplanted,174
DC,All Genders,Heart,Total Transplanted,24
CT,All Genders,Heart,Total Transplanted,16
CO,All Genders,Heart,Total Transplanted,47
CA,All Genders,Heart,Total Transplanted,276
AR,All Genders,Heart,Total Transplanted,19
AZ,All Genders,Heart,Total Transplanted,45
AL,All Genders,Heart,Total Transplanted,27
WI,All Genders,Lung,Total Transplanted,55
WA,All Genders,Lung,Total Transplanted,58
VA,All Genders,Lung,Total Transplanted,52
UT,All Genders,Lung,Total Transplanted,26
TX,All Genders,Lung,Total Transplanted,335
TN,All Genders,Lung,Total Transplanted,102
SC,All Genders,Lung,Total Transplanted,43
PR,All Genders,Lung,Total Transplanted,36
PA,All Genders,Lung,Total Transplanted,164
OR,All Genders,Lung,Total Transplanted,27
OK,All Genders,Lung,Total Transplanted,44
OH,All Genders,Lung,Total Transplanted,108
NC,All Genders,Lung,Total Transplanted,130
NY,All Genders,Lung,Total Transplanted,51
NM,All Genders,Lung,Total Transplanted,8
NJ,All Genders,Lung,Total Transplanted,38
NV,All Genders,Lung,Total Transplanted,28
NE,All Genders,Lung,Total Transplanted,12
MO,All Genders,Lung,Total Transplanted,128
MS,All Genders,Lung,Total Transplanted,31
MN,All Genders,Lung,Total Transplanted,54
MI,All Genders,Lung,Total Transplanted,101
MA,All Genders,Lung,Total Transplanted,62
MD,All Genders,Lung,Total Transplanted,66
LA,All Genders,Lung,Total Transplanted,88
KY,All Genders,Lung,Total Transplanted,33
KS,All Genders,Lung,Total Transplanted,85
IA,All Genders,Lung,Total Transplanted,18
IN,All Genders,Lung,Total Transplanted,59
IL,All Genders,Lung,Total Transplanted,71
HI,All Genders,Lung,Total Transplanted,4
GA,All Genders,Lung,Total Transplanted,119
FL,All Genders,Lung,Total Transplanted,196
DC,All Genders,Lung,Total Transplanted,52
CT,All Genders,Lung,Total Transplanted,10
CO,All Genders,Lung,Total Transplanted,34
CA,All Genders,Lung,Total Transplanted,381
AR,All Genders,Lung,Total Transplanted,32
AZ,All Genders,Lung,Total Transplanted,54
AL,All Genders,Lung,Total Transplanted,24
WI,All Genders,All Organs,Population,5724554
WA,All Genders,All Organs,Population,6895318
VA,All Genders,All Organs,Population,8186628
UT,All Genders,All Organs,Population,2854871
TX,All Genders,All Organs,Population,26060796
TN,All Genders,All Organs,Population,6454914
SC,All Genders,All Organs,Population,4723417
PR,All Genders,All Organs,Population,7451578
PA,All Genders,All Organs,Population,12764475
OR,All Genders,All Organs,Population,3899801
OK,All Genders,All Organs,Population,3815780
OH,All Genders,All Organs,Population,11553031
NC,All Genders,All Organs,Population,9748364
NY,All Genders,All Organs,Population,19576125
NM,All Genders,All Organs,Population,2083540
NJ,All Genders,All Organs,Population,8867749
NV,All Genders,All Organs,Population,2754354
NE,All Genders,All Organs,Population,1855350
MO,All Genders,All Organs,Population,6024522
MS,All Genders,All Organs,Population,2986450
MN,All Genders,All Organs,Population,5379646
MI,All Genders,All Organs,Population,9882519
MA,All Genders,All Organs,Population,6645303
MD,All Genders,All Organs,Population,5884868
LA,All Genders,All Organs,Population,4602134
KY,All Genders,All Organs,Population,4379730
KS,All Genders,All Organs,Population,2885398
IA,All Genders,All Organs,Population,3075039
IN,All Genders,All Organs,Population,6537782
IL,All Genders,All Organs,Population,12868192
HI,All Genders,All Organs,Population,1390090
GA,All Genders,All Organs,Population,9915646
FL,All Genders,All Organs,Population,19320749
DC,All Genders,All Organs,Population,633427
CT,All Genders,All Organs,Population,3591765
CO,All Genders,All Organs,Population,5189458
CA,All Genders,All Organs,Population,37999878
AR,All Genders,All Organs,Population,2949828
AZ,All Genders,All Organs,Population,6551149
AL,All Genders,All Organs,Population,4817528
WI,Female,All Organs,Leading Death Mechanism,1
WA,Female,All Organs,Leading Death Mechanism,1
VA,Female,All Organs,Leading Death Mechanism,1
UT,Female,All Organs,Leading Death Mechanism,2
TX,Female,All Organs,Leading Death Mechanism,1
TN,Female,All Organs,Leading Death Mechanism,1
SC,Female,All Organs,Leading Death Mechanism,1
PR,Female,All Organs,Leading Death Mechanism,1
PA,Female,All Organs,Leading Death Mechanism,1
OR,Female,All Organs,Leading Death Mechanism,2
OK,Female,All Organs,Leading Death Mechanism,1
OH,Female,All Organs,Leading Death Mechanism,1
NC,Female,All Organs,Leading Death Mechanism,1
NY,Female,All Organs,Leading Death Mechanism,1
NM,Female,All Organs,Leading Death Mechanism,2
NJ,Female,All Organs,Leading Death Mechanism,1
NV,Female,All Organs,Leading Death Mechanism,1
NE,Female,All Organs,Leading Death Mechanism,1
MO,Female,All Organs,Leading Death Mechanism,1
MS,Female,All Organs,Leading Death Mechanism,1
MN,Female,All Organs,Leading Death Mechanism,1
MI,Female,All Organs,Leading Death Mechanism,1
MA,Female,All Organs,Leading Death Mechanism,1
MD,Female,All Organs,Leading Death Mechanism,1
LA,Female,All Organs,Leading Death Mechanism,1
KY,Female,All Organs,Leading Death Mechanism,1
KS,Female,All Organs,Leading Death Mechanism,1
IA,Female,All Organs,Leading Death Mechanism,1
IN,Female,All Organs,Leading Death Mechanism,1
IL,Female,All Organs,Leading Death Mechanism,1
HI,Female,All Organs,Leading Death Mechanism,1
GA,Female,All Organs,Leading Death Mechanism,1
FL,Female,All Organs,Leading Death Mechanism,1
DC,Female,All Organs,Leading Death Mechanism,1
CT,Female,All Organs,Leading Death Mechanism,1
CO,Female,All Organs,Leading Death Mechanism,1
CA,Female,All Organs,Leading Death Mechanism,1
AR,Female,All Organs,Leading Death Mechanism,1
AZ,Female,All Organs,Leading Death Mechanism,1
AL,Female,All Organs,Leading Death Mechanism,1
WI,Female,All Organs,Total Donors,80
WA,Female,All Organs,Total Donors,78
VA,Female,All Organs,Total Donors,73
UT,Female,All Organs,Total Donors,35
TX,Female,All Organs,Total Donors,266
TN,Female,All Organs,Total Donors,120
SC,Female,All Organs,Total Donors,45
PR,Female,All Organs,Total Donors,39
PA,Female,All Organs,Total Donors,252
OR,Female,All Organs,Total Donors,31
OK,Female,All Organs,Total Donors,41
OH,Female,All Organs,Total Donors,122
NC,Female,All Organs,Total Donors,135
NY,Female,All Organs,Total Donors,142
NM,Female,All Organs,Total Donors,13
NJ,Female,All Organs,Total Donors,47
NV,Female,All Organs,Total Donors,34
NE,Female,All Organs,Total Donors,18
MO,Female,All Organs,Total Donors,82
MS,Female,All Organs,Total Donors,30
MN,Female,All Organs,Total Donors,63
MI,Female,All Organs,Total Donors,112
MA,Female,All Organs,Total Donors,77
MD,Female,All Organs,Total Donors,58
LA,Female,All Organs,Total Donors,75
KY,Female,All Organs,Total Donors,38
KS,Female,All Organs,Total Donors,88
IA,Female,All Organs,Total Donors,22
IN,Female,All Organs,Total Donors,60
IL,Female,All Organs,Total Donors,109
HI,Female,All Organs,Total Donors,19
GA,Female,All Organs,Total Donors,123
FL,Female,All Organs,Total Donors,228
DC,Female,All Organs,Total Donors,54
CT,Female,All Organs,Total Donors,13
CO,Female,All Organs,Total Donors,40
CA,Female,All Organs,Total Donors,328
AR,Female,All Organs,Total Donors,26
AZ,Female,All Organs,Total Donors,49
AL,Female,All Organs,Total Donors,58
WI,Female,All Organs,Total Recovered,288
WA,Female,All Organs,Total Recovered,273
VA,Female,All Organs,Total Recovered,251
UT,Female,All Organs,Total Recovered,107
TX,Female,All Organs,Total Recovered,896
TN,Female,All Organs,Total Recovered,425
SC,Female,All Organs,Total Recovered,166
PR,Female,All Organs,Total Recovered,109
PA,Female,All Organs,Total Recovered,852
OR,Female,All Organs,Total Recovered,108
OK,Female,All Organs,Total Recovered,152
OH,Female,All Organs,Total Recovered,431
NC,Female,All Organs,Total Recovered,466
NY,Female,All Organs,Total Recovered,408
NM,Female,All Organs,Total Recovered,38
NJ,Female,All Organs,Total Recovered,145
NV,Female,All Organs,Total Recovered,129
NE,Female,All Organs,Total Recovered,57
MO,Female,All Organs,Total Recovered,308
MS,Female,All Organs,Total Recovered,111
MN,Female,All Organs,Total Recovered,227
MI,Female,All Organs,Total Recovered,401
MA,Female,All Organs,Total Recovered,260
MD,Female,All Organs,Total Recovered,207
LA,Female,All Organs,Total Recovered,256
KY,Female,All Organs,Total Recovered,133
KS,Female,All Organs,Total Recovered,298
IA,Female,All Organs,Total Recovered,72
IN,Female,All Organs,Total Recovered,242
IL,Female,All Organs,Total Recovered,377
HI,Female,All Organs,Total Recovered,52
GA,Female,All Organs,Total Recovered,400
FL,Female,All Organs,Total Recovered,783
DC,Female,All Organs,Total Recovered,159
CT,Female,All Organs,Total Recovered,46
CO,Female,All Organs,Total Recovered,143
CA,Female,All Organs,Total Recovered,1148
AR,Female,All Organs,Total Recovered,94
AZ,Female,All Organs,Total Recovered,162
AL,Female,All Organs,Total Recovered,179
WI,Female,Kidney,Total Recovered,152
WA,Female,Kidney,Total Recovered,152
VA,Female,Kidney,Total Recovered,136
UT,Female,Kidney,Total Recovered,69
TX,Female,Kidney,Total Recovered,448
TN,Female,Kidney,Total Recovered,228
SC,Female,Kidney,Total Recovered,82
PR,Female,Kidney,Total Recovered,65
PA,Female,Kidney,Total Recovered,452
OR,Female,Kidney,Total Recovered,62
OK,Female,Kidney,Total Recovered,77
OH,Female,Kidney,Total Recovered,225
NC,Female,Kidney,Total Recovered,241
NY,Female,Kidney,Total Recovered,225
NM,Female,Kidney,Total Recovered,26
NJ,Female,Kidney,Total Recovered,94
NV,Female,Kidney,Total Recovered,64
NE,Female,Kidney,Total Recovered,34
MO,Female,Kidney,Total Recovered,142
MS,Female,Kidney,Total Recovered,60
MN,Female,Kidney,Total Recovered,122
MI,Female,Kidney,Total Recovered,208
MA,Female,Kidney,Total Recovered,144
MD,Female,Kidney,Total Recovered,98
LA,Female,Kidney,Total Recovered,125
KY,Female,Kidney,Total Recovered,74
KS,Female,Kidney,Total Recovered,157
IA,Female,Kidney,Total Recovered,42
IN,Female,Kidney,Total Recovered,118
IL,Female,Kidney,Total Recovered,194
HI,Female,Kidney,Total Recovered,36
GA,Female,Kidney,Total Recovered,197
FL,Female,Kidney,Total Recovered,407
DC,Female,Kidney,Total Recovered,91
CT,Female,Kidney,Total Recovered,24
CO,Female,Kidney,Total Recovered,74
CA,Female,Kidney,Total Recovered,611
AR,Female,Kidney,Total Recovered,47
AZ,Female,Kidney,Total Recovered,90
AL,Female,Kidney,Total Recovered,98
WI,Female,Pancreas,Total Recovered,30
WA,Female,Pancreas,Total Recovered,15
VA,Female,Pancreas,Total Recovered,10
UT,Female,Pancreas,Total Recovered,6
TX,Female,Pancreas,Total Recovered,79
TN,Female,Pancreas,Total Recovered,36
SC,Female,Pancreas,Total Recovered,7
PR,Female,Pancreas,Total Recovered,16
PA,Female,Pancreas,Total Recovered,24
OR,Female,Pancreas,Total Recovered,4
OK,Female,Pancreas,Total Recovered,8
OH,Female,Pancreas,Total Recovered,20
NC,Female,Pancreas,Total Recovered,25
NY,Female,Pancreas,Total Recovered,12
NM,Female,Pancreas,Total Recovered,1
NJ,Female,Pancreas,Total Recovered,4
NV,Female,Pancreas,Total Recovered,5
NE,Female,Pancreas,Total Recovered,3
MO,Female,Pancreas,Total Recovered,9
MS,Female,Pancreas,Total Recovered,2
MN,Female,Pancreas,Total Recovered,14
MI,Female,Pancreas,Total Recovered,17
MA,Female,Pancreas,Total Recovered,10
MD,Female,Pancreas,Total Recovered,13
LA,Female,Pancreas,Total Recovered,13
KY,Female,Pancreas,Total Recovered,4
KS,Female,Pancreas,Total Recovered,14
IA,Female,Pancreas,Total Recovered,4
IN,Female,Pancreas,Total Recovered,17
IL,Female,Pancreas,Total Recovered,33
HI,Female,Pancreas,Total Recovered,1
GA,Female,Pancreas,Total Recovered,12
FL,Female,Pancreas,Total Recovered,23
DC,Female,Pancreas,Total Recovered,4
CT,Female,Pancreas,Total Recovered,1
CO,Female,Pancreas,Total Recovered,4
CA,Female,Pancreas,Total Recovered,43
AR,Female,Pancreas,Total Recovered,0
AZ,Female,Pancreas,Total Recovered,6
AL,Female,Pancreas,Total Recovered,6
WI,Female,Liver,Total Recovered,63
WA,Female,Liver,Total Recovered,61
VA,Female,Liver,Total Recovered,62
UT,Female,Liver,Total Recovered,19
TX,Female,Liver,Total Recovered,213
TN,Female,Liver,Total Recovered,110
SC,Female,Liver,Total Recovered,44
PR,Female,Liver,Total Recovered,32
PA,Female,Liver,Total Recovered,221
OR,Female,Liver,Total Recovered,28
OK,Female,Liver,Total Recovered,36
OH,Female,Liver,Total Recovered,96
NC,Female,Liver,Total Recovered,99
NY,Female,Liver,Total Recovered,118
NM,Female,Liver,Total Recovered,8
NJ,Female,Liver,Total Recovered,26
NV,Female,Liver,Total Recovered,29
NE,Female,Liver,Total Recovered,13
MO,Female,Liver,Total Recovered,70
MS,Female,Liver,Total Recovered,26
MN,Female,Liver,Total Recovered,54
MI,Female,Liver,Total Recovered,84
MA,Female,Liver,Total Recovered,54
MD,Female,Liver,Total Recovered,53
LA,Female,Liver,Total Recovered,70
KY,Female,Liver,Total Recovered,31
KS,Female,Liver,Total Recovered,64
IA,Female,Liver,Total Recovered,17
IN,Female,Liver,Total Recovered,52
IL,Female,Liver,Total Recovered,90
HI,Female,Liver,Total Recovered,11
GA,Female,Liver,Total Recovered,111
FL,Female,Liver,Total Recovered,189
DC,Female,Liver,Total Recovered,41
CT,Female,Liver,Total Recovered,13
CO,Female,Liver,Total Recovered,36
CA,Female,Liver,Total Recovered,261
AR,Female,Liver,Total Recovered,26
AZ,Female,Liver,Total Recovered,40
AL,Female,Liver,Total Recovered,52
WI,Female,Intestine,Total Recovered,1
WA,Female,Intestine,Total Recovered,1
VA,Female,Intestine,Total Recovered,3
UT,Female,Intestine,Total Recovered,2
TX,Female,Intestine,Total Recovered,2
TN,Female,Intestine,Total Recovered,5
SC,Female,Intestine,Total Recovered,2
PR,Female,Intestine,Total Recovered,0
PA,Female,Intestine,Total Recovered,2
OR,Female,Intestine,Total Recovered,0
OK,Female,Intestine,Total Recovered,1
OH,Female,Intestine,Total Recovered,0
NC,Female,Intestine,Total Recovered,3
NY,Female,Intestine,Total Recovered,3
NM,Female,Intestine,Total Recovered,0
NJ,Female,Intestine,Total Recovered,0
NV,Female,Intestine,Total Recovered,1
NE,Female,Intestine,Total Recovered,0
MO,Female,Intestine,Total Recovered,0
MS,Female,Intestine,Total Recovered,1
MN,Female,Intestine,Total Recovered,0
MI,Female,Intestine,Total Recovered,3
MA,Female,Intestine,Total Recovered,0
MD,Female,Intestine,Total Recovered,0
LA,Female,Intestine,Total Recovered,1
KY,Female,Intestine,Total Recovered,2
KS,Female,Intestine,Total Recovered,0
IA,Female,Intestine,Total Recovered,0
IN,Female,Intestine,Total Recovered,2
IL,Female,Intestine,Total Recovered,3
HI,Female,Intestine,Total Recovered,0
GA,Female,Intestine,Total Recovered,2
FL,Female,Intestine,Total Recovered,2
DC,Female,Intestine,Total Recovered,0
CT,Female,Intestine,Total Recovered,0
CO,Female,Intestine,Total Recovered,0
CA,Female,Intestine,Total Recovered,5
AR,Female,Intestine,Total Recovered,0
AZ,Female,Intestine,Total Recovered,0
AL,Female,Intestine,Total Recovered,1
WI,Female,Heart,Total Recovered,17
WA,Female,Heart,Total Recovered,22
VA,Female,Heart,Total Recovered,14
UT,Female,Heart,Total Recovered,7
TX,Female,Heart,Total Recovered,65
TN,Female,Heart,Total Recovered,26
SC,Female,Heart,Total Recovered,14
PR,Female,Heart,Total Recovered,2
PA,Female,Heart,Total Recovered,55
OR,Female,Heart,Total Recovered,8
OK,Female,Heart,Total Recovered,13
OH,Female,Heart,Total Recovered,30
NC,Female,Heart,Total Recovered,28
NY,Female,Heart,Total Recovered,27
NM,Female,Heart,Total Recovered,2
NJ,Female,Heart,Total Recovered,9
NV,Female,Heart,Total Recovered,10
NE,Female,Heart,Total Recovered,3
MO,Female,Heart,Total Recovered,21
MS,Female,Heart,Total Recovered,10
MN,Female,Heart,Total Recovered,16
MI,Female,Heart,Total Recovered,35
MA,Female,Heart,Total Recovered,20
MD,Female,Heart,Total Recovered,15
LA,Female,Heart,Total Recovered,13
KY,Female,Heart,Total Recovered,8
KS,Female,Heart,Total Recovered,26
IA,Female,Heart,Total Recovered,5
IN,Female,Heart,Total Recovered,23
IL,Female,Heart,Total Recovered,31
HI,Female,Heart,Total Recovered,0
GA,Female,Heart,Total Recovered,29
FL,Female,Heart,Total Recovered,62
DC,Female,Heart,Total Recovered,7
CT,Female,Heart,Total Recovered,4
CO,Female,Heart,Total Recovered,15
CA,Female,Heart,Total Recovered,90
AR,Female,Heart,Total Recovered,2
AZ,Female,Heart,Total Recovered,11
AL,Female,Heart,Total Recovered,13
WI,Female,Lung,Total Recovered,33
WA,Female,Lung,Total Recovered,26
VA,Female,Lung,Total Recovered,25
UT,Female,Lung,Total Recovered,8
TX,Female,Lung,Total Recovered,137
TN,Female,Lung,Total Recovered,33
SC,Female,Lung,Total Recovered,16
PR,Female,Lung,Total Recovered,9
PA,Female,Lung,Total Recovered,98
OR,Female,Lung,Total Recovered,6
OK,Female,Lung,Total Recovered,17
OH,Female,Lung,Total Recovered,60
NC,Female,Lung,Total Recovered,70
NY,Female,Lung,Total Recovered,23
NM,Female,Lung,Total Recovered,1
NJ,Female,Lung,Total Recovered,12
NV,Female,Lung,Total Recovered,20
NE,Female,Lung,Total Recovered,4
MO,Female,Lung,Total Recovered,66
MS,Female,Lung,Total Recovered,12
MN,Female,Lung,Total Recovered,21
MI,Female,Lung,Total Recovered,54
MA,Female,Lung,Total Recovered,32
MD,Female,Lung,Total Recovered,28
LA,Female,Lung,Total Recovered,34
KY,Female,Lung,Total Recovered,14
KS,Female,Lung,Total Recovered,37
IA,Female,Lung,Total Recovered,4
IN,Female,Lung,Total Recovered,30
IL,Female,Lung,Total Recovered,26
HI,Female,Lung,Total Recovered,4
GA,Female,Lung,Total Recovered,49
FL,Female,Lung,Total Recovered,100
DC,Female,Lung,Total Recovered,16
CT,Female,Lung,Total Recovered,4
CO,Female,Lung,Total Recovered,14
CA,Female,Lung,Total Recovered,138
AR,Female,Lung,Total Recovered,19
AZ,Female,Lung,Total Recovered,15
AL,Female,Lung,Total Recovered,9
WI,Female,All Organs,Total Transplanted,235
WA,Female,All Organs,Total Transplanted,237
VA,Female,All Organs,Total Transplanted,190
UT,Female,All Organs,Total Transplanted,100
TX,Female,All Organs,Total Transplanted,757
TN,Female,All Organs,Total Transplanted,350
SC,Female,All Organs,Total Transplanted,132
PR,Female,All Organs,Total Transplanted,87
PA,Female,All Organs,Total Transplanted,627
OR,Female,All Organs,Total Transplanted,100
OK,Female,All Organs,Total Transplanted,127
OH,Female,All Organs,Total Transplanted,386
NC,Female,All Organs,Total Transplanted,377
NY,Female,All Organs,Total Transplanted,352
NM,Female,All Organs,Total Transplanted,34
NJ,Female,All Organs,Total Transplanted,111
NV,Female,All Organs,Total Transplanted,111
NE,Female,All Organs,Total Transplanted,52
MO,Female,All Organs,Total Transplanted,276
MS,Female,All Organs,Total Transplanted,90
MN,Female,All Organs,Total Transplanted,193
MI,Female,All Organs,Total Transplanted,343
MA,Female,All Organs,Total Transplanted,221
MD,Female,All Organs,Total Transplanted,166
LA,Female,All Organs,Total Transplanted,216
KY,Female,All Organs,Total Transplanted,116
KS,Female,All Organs,Total Transplanted,258
IA,Female,All Organs,Total Transplanted,65
IN,Female,All Organs,Total Transplanted,213
IL,Female,All Organs,Total Transplanted,313
HI,Female,All Organs,Total Transplanted,37
GA,Female,All Organs,Total Transplanted,342
FL,Female,All Organs,Total Transplanted,674
DC,Female,All Organs,Total Transplanted,129
CT,Female,All Organs,Total Transplanted,39
CO,Female,All Organs,Total Transplanted,127
CA,Female,All Organs,Total Transplanted,1009
AR,Female,All Organs,Total Transplanted,79
AZ,Female,All Organs,Total Transplanted,130
AL,Female,All Organs,Total Transplanted,155
WI,Female,Kidney,Total Transplanted,116
WA,Female,Kidney,Total Transplanted,132
VA,Female,Kidney,Total Transplanted,94
UT,Female,Kidney,Total Transplanted,63
TX,Female,Kidney,Total Transplanted,333
TN,Female,Kidney,Total Transplanted,167
SC,Female,Kidney,Total Transplanted,57
PR,Female,Kidney,Total Transplanted,47
PA,Female,Kidney,Total Transplanted,313
OR,Female,Kidney,Total Transplanted,57
OK,Female,Kidney,Total Transplanted,65
OH,Female,Kidney,Total Transplanted,185
NC,Female,Kidney,Total Transplanted,185
NY,Female,Kidney,Total Transplanted,182
NM,Female,Kidney,Total Transplanted,23
NJ,Female,Kidney,Total Transplanted,68
NV,Female,Kidney,Total Transplanted,49
NE,Female,Kidney,Total Transplanted,30
MO,Female,Kidney,Total Transplanted,116
MS,Female,Kidney,Total Transplanted,46
MN,Female,Kidney,Total Transplanted,97
MI,Female,Kidney,Total Transplanted,158
MA,Female,Kidney,Total Transplanted,120
MD,Female,Kidney,Total Transplanted,76
LA,Female,Kidney,Total Transplanted,92
KY,Female,Kidney,Total Transplanted,59
KS,Female,Kidney,Total Transplanted,127
IA,Female,Kidney,Total Transplanted,39
IN,Female,Kidney,Total Transplanted,104
IL,Female,Kidney,Total Transplanted,146
HI,Female,Kidney,Total Transplanted,25
GA,Female,Kidney,Total Transplanted,148
FL,Female,Kidney,Total Transplanted,317
DC,Female,Kidney,Total Transplanted,70
CT,Female,Kidney,Total Transplanted,18
CO,Female,Kidney,Total Transplanted,61
CA,Female,Kidney,Total Transplanted,527
AR,Female,Kidney,Total Transplanted,35
AZ,Female,Kidney,Total Transplanted,66
AL,Female,Kidney,Total Transplanted,79
WI,Female,Pancreas,Total Transplanted,17
WA,Female,Pancreas,Total Transplanted,8
VA,Female,Pancreas,Total Transplanted,8
UT,Female,Pancreas,Total Transplanted,1
TX,Female,Pancreas,Total Transplanted,24
TN,Female,Pancreas,Total Transplanted,17
SC,Female,Pancreas,Total Transplanted,6
PR,Female,Pancreas,Total Transplanted,1
PA,Female,Pancreas,Total Transplanted,12
OR,Female,Pancreas,Total Transplanted,4
OK,Female,Pancreas,Total Transplanted,5
OH,Female,Pancreas,Total Transplanted,20
NC,Female,Pancreas,Total Transplanted,11
NY,Female,Pancreas,Total Transplanted,10
NM,Female,Pancreas,Total Transplanted,1
NJ,Female,Pancreas,Total Transplanted,3
NV,Female,Pancreas,Total Transplanted,5
NE,Female,Pancreas,Total Transplanted,2
MO,Female,Pancreas,Total Transplanted,9
MS,Female,Pancreas,Total Transplanted,1
MN,Female,Pancreas,Total Transplanted,9
MI,Female,Pancreas,Total Transplanted,14
MA,Female,Pancreas,Total Transplanted,4
MD,Female,Pancreas,Total Transplanted,6
LA,Female,Pancreas,Total Transplanted,10
KY,Female,Pancreas,Total Transplanted,3
KS,Female,Pancreas,Total Transplanted,11
IA,Female,Pancreas,Total Transplanted,2
IN,Female,Pancreas,Total Transplanted,13
IL,Female,Pancreas,Total Transplanted,21
HI,Female,Pancreas,Total Transplanted,1
GA,Female,Pancreas,Total Transplanted,12
FL,Female,Pancreas,Total Transplanted,18
DC,Female,Pancreas,Total Transplanted,4
CT,Female,Pancreas,Total Transplanted,1
CO,Female,Pancreas,Total Transplanted,4
CA,Female,Pancreas,Total Transplanted,29
AR,Female,Pancreas,Total Transplanted,0
AZ,Female,Pancreas,Total Transplanted,5
AL,Female,Pancreas,Total Transplanted,4
WI,Female,Liver,Total Transplanted,52
WA,Female,Liver,Total Transplanted,48
VA,Female,Liver,Total Transplanted,48
UT,Female,Liver,Total Transplanted,19
TX,Female,Liver,Total Transplanted,199
TN,Female,Liver,Total Transplanted,104
SC,Female,Liver,Total Transplanted,38
PR,Female,Liver,Total Transplanted,28
PA,Female,Liver,Total Transplanted,171
OR,Female,Liver,Total Transplanted,25
OK,Female,Liver,Total Transplanted,26
OH,Female,Liver,Total Transplanted,93
NC,Female,Liver,Total Transplanted,90
NY,Female,Liver,Total Transplanted,108
NM,Female,Liver,Total Transplanted,7
NJ,Female,Liver,Total Transplanted,19
NV,Female,Liver,Total Transplanted,26
NE,Female,Liver,Total Transplanted,13
MO,Female,Liver,Total Transplanted,65
MS,Female,Liver,Total Transplanted,23
MN,Female,Liver,Total Transplanted,50
MI,Female,Liver,Total Transplanted,79
MA,Female,Liver,Total Transplanted,49
MD,Female,Liver,Total Transplanted,48
LA,Female,Liver,Total Transplanted,67
KY,Female,Liver,Total Transplanted,30
KS,Female,Liver,Total Transplanted,58
IA,Female,Liver,Total Transplanted,15
IN,Female,Liver,Total Transplanted,42
IL,Female,Liver,Total Transplanted,87
HI,Female,Liver,Total Transplanted,7
GA,Female,Liver,Total Transplanted,103
FL,Female,Liver,Total Transplanted,182
DC,Female,Liver,Total Transplanted,32
CT,Female,Liver,Total Transplanted,12
CO,Female,Liver,Total Transplanted,33
CA,Female,Liver,Total Transplanted,227
AR,Female,Liver,Total Transplanted,23
AZ,Female,Liver,Total Transplanted,34
AL,Female,Liver,Total Transplanted,49
WI,Female,Intestine,Total Transplanted,1
WA,Female,Intestine,Total Transplanted,1
VA,Female,Intestine,Total Transplanted,3
UT,Female,Intestine,Total Transplanted,2
TX,Female,Intestine,Total Transplanted,2
TN,Female,Intestine,Total Transplanted,5
SC,Female,Intestine,Total Transplanted,2
PR,Female,Intestine,Total Transplanted,0
PA,Female,Intestine,Total Transplanted,2
OR,Female,Intestine,Total Transplanted,0
OK,Female,Intestine,Total Transplanted,1
OH,Female,Intestine,Total Transplanted,0
NC,Female,Intestine,Total Transplanted,3
NY,Female,Intestine,Total Transplanted,3
NM,Female,Intestine,Total Transplanted,0
NJ,Female,Intestine,Total Transplanted,0
NV,Female,Intestine,Total Transplanted,1
NE,Female,Intestine,Total Transplanted,0
MO,Female,Intestine,Total Transplanted,0
MS,Female,Intestine,Total Transplanted,1
MN,Female,Intestine,Total Transplanted,0
MI,Female,Intestine,Total Transplanted,3
MA,Female,Intestine,Total Transplanted,0
MD,Female,Intestine,Total Transplanted,0
LA,Female,Intestine,Total Transplanted,1
KY,Female,Intestine,Total Transplanted,2
KS,Female,Intestine,Total Transplanted,0
IA,Female,Intestine,Total Transplanted,0
IN,Female,Intestine,Total Transplanted,2
IL,Female,Intestine,Total Transplanted,3
HI,Female,Intestine,Total Transplanted,0
GA,Female,Intestine,Total Transplanted,2
FL,Female,Intestine,Total Transplanted,1
DC,Female,Intestine,Total Transplanted,0
CT,Female,Intestine,Total Transplanted,0
CO,Female,Intestine,Total Transplanted,0
CA,Female,Intestine,Total Transplanted,4
AR,Female,Intestine,Total Transplanted,0
AZ,Female,Intestine,Total Transplanted,0
AL,Female,Intestine,Total Transplanted,1
WI,Female,Heart,Total Transplanted,16
WA,Female,Heart,Total Transplanted,22
VA,Female,Heart,Total Transplanted,13
UT,Female,Heart,Total Transplanted,7
TX,Female,Heart,Total Transplanted,65
TN,Female,Heart,Total Transplanted,25
SC,Female,Heart,Total Transplanted,13
PR,Female,Heart,Total Transplanted,2
PA,Female,Heart,Total Transplanted,52
OR,Female,Heart,Total Transplanted,8
OK,Female,Heart,Total Transplanted,13
OH,Female,Heart,Total Transplanted,30
NC,Female,Heart,Total Transplanted,27
NY,Female,Heart,Total Transplanted,27
NM,Female,Heart,Total Transplanted,2
NJ,Female,Heart,Total Transplanted,9
NV,Female,Heart,Total Transplanted,10
NE,Female,Heart,Total Transplanted,3
MO,Female,Heart,Total Transplanted,21
MS,Female,Heart,Total Transplanted,10
MN,Female,Heart,Total Transplanted,16
MI,Female,Heart,Total Transplanted,35
MA,Female,Heart,Total Transplanted,20
MD,Female,Heart,Total Transplanted,13
LA,Female,Heart,Total Transplanted,13
KY,Female,Heart,Total Transplanted,8
KS,Female,Heart,Total Transplanted,26
IA,Female,Heart,Total Transplanted,5
IN,Female,Heart,Total Transplanted,23
IL,Female,Heart,Total Transplanted,31
HI,Female,Heart,Total Transplanted,0
GA,Female,Heart,Total Transplanted,29
FL,Female,Heart,Total Transplanted,61
DC,Female,Heart,Total Transplanted,7
CT,Female,Heart,Total Transplanted,4
CO,Female,Heart,Total Transplanted,15
CA,Female,Heart,Total Transplanted,87
AR,Female,Heart,Total Transplanted,2
AZ,Female,Heart,Total Transplanted,11
AL,Female,Heart,Total Transplanted,13
WI,Female,Lung,Total Transplanted,33
WA,Female,Lung,Total Transplanted,26
VA,Female,Lung,Total Transplanted,24
UT,Female,Lung,Total Transplanted,8
TX,Female,Lung,Total Transplanted,134
TN,Female,Lung,Total Transplanted,32
SC,Female,Lung,Total Transplanted,16
PR,Female,Lung,Total Transplanted,9
PA,Female,Lung,Total Transplanted,77
OR,Female,Lung,Total Transplanted,6
OK,Female,Lung,Total Transplanted,17
OH,Female,Lung,Total Transplanted,58
NC,Female,Lung,Total Transplanted,61
NY,Female,Lung,Total Transplanted,22
NM,Female,Lung,Total Transplanted,1
NJ,Female,Lung,Total Transplanted,12
NV,Female,Lung,Total Transplanted,20
NE,Female,Lung,Total Transplanted,4
MO,Female,Lung,Total Transplanted,65
MS,Female,Lung,Total Transplanted,9
MN,Female,Lung,Total Transplanted,21
MI,Female,Lung,Total Transplanted,54
MA,Female,Lung,Total Transplanted,28
MD,Female,Lung,Total Transplanted,23
LA,Female,Lung,Total Transplanted,33
KY,Female,Lung,Total Transplanted,14
KS,Female,Lung,Total Transplanted,36
IA,Female,Lung,Total Transplanted,4
IN,Female,Lung,Total Transplanted,29
IL,Female,Lung,Total Transplanted,25
HI,Female,Lung,Total Transplanted,4
GA,Female,Lung,Total Transplanted,48
FL,Female,Lung,Total Transplanted,95
DC,Female,Lung,Total Transplanted,16
CT,Female,Lung,Total Transplanted,4
CO,Female,Lung,Total Transplanted,14
CA,Female,Lung,Total Transplanted,135
AR,Female,Lung,Total Transplanted,19
AZ,Female,Lung,Total Transplanted,14
AL,Female,Lung,Total Transplanted,9
WI,Female,All Organs,Population,2882329
WA,Female,All Organs,Population,3455007
VA,Female,All Organs,Population,4163230
UT,Female,All Organs,Population,1419400
TX,Female,All Organs,Population,13112625
TN,Female,All Organs,Population,3305817
SC,Female,All Organs,Population,2424605
PR,Female,All Organs,Population,3725789
PA,Female,All Organs,Population,6532457
OR,Female,All Organs,Population,1970240
OK,Female,All Organs,Population,1926273
OH,Female,All Organs,Population,5905805
NC,Female,All Organs,Population,4998101
NY,Female,All Organs,Population,10081486
NM,Female,All Organs,Population,1051711
NJ,Female,All Organs,Population,4542439
NV,Female,All Organs,Population,1365581
NE,Female,All Organs,Population,933227
MO,Female,All Organs,Population,3072037
MS,Female,All Organs,Population,1534805
MN,Female,All Organs,Population,2707289
MI,Female,All Organs,Population,5031718
MA,Female,All Organs,Population,3425383
MD,Female,All Organs,Population,3033040
LA,Female,All Organs,Population,2349726
KY,Female,All Organs,Population,2223835
KS,Female,All Organs,Population,1449940
IA,Female,All Organs,Population,1550129
IN,Female,All Organs,Population,3319262
IL,Female,All Organs,Population,6552234
HI,Female,All Organs,Population,689588
GA,Female,All Organs,Population,5067522
FL,Female,All Organs,Population,9873430
DC,Female,All Organs,Population,333731
CT,Female,All Organs,Population,1840884
CO,Female,All Organs,Population,2584688
CA,Female,All Organs,Population,19103913
AR,Female,All Organs,Population,1500877
AZ,Female,All Organs,Population,3293392
AL,Female,All Organs,Population,2480289
WI,Male,All Organs,Leading Death Mechanism,1
WA,Male,All Organs,Leading Death Mechanism,2
VA,Male,All Organs,Leading Death Mechanism,1
UT,Male,All Organs,Leading Death Mechanism,2
TX,Male,All Organs,Leading Death Mechanism,2
TN,Male,All Organs,Leading Death Mechanism,1
SC,Male,All Organs,Leading Death Mechanism,1
PR,Male,All Organs,Leading Death Mechanism,2
PA,Male,All Organs,Leading Death Mechanism,1
OR,Male,All Organs,Leading Death Mechanism,3
OK,Male,All Organs,Leading Death Mechanism,2
OH,Male,All Organs,Leading Death Mechanism,1
NC,Male,All Organs,Leading Death Mechanism,1
NY,Male,All Organs,Leading Death Mechanism,1
NM,Male,All Organs,Leading Death Mechanism,1
NJ,Male,All Organs,Leading Death Mechanism,1
NV,Male,All Organs,Leading Death Mechanism,1
NE,Male,All Organs,Leading Death Mechanism,1
MO,Male,All Organs,Leading Death Mechanism,1
MS,Male,All Organs,Leading Death Mechanism,1
MN,Male,All Organs,Leading Death Mechanism,1
MI,Male,All Organs,Leading Death Mechanism,1
MA,Male,All Organs,Leading Death Mechanism,1
MD,Male,All Organs,Leading Death Mechanism,1
LA,Male,All Organs,Leading Death Mechanism,1
KY,Male,All Organs,Leading Death Mechanism,2
KS,Male,All Organs,Leading Death Mechanism,1
IA,Male,All Organs,Leading Death Mechanism,2
IN,Male,All Organs,Leading Death Mechanism,2
IL,Male,All Organs,Leading Death Mechanism,1
HI,Male,All Organs,Leading Death Mechanism,2
GA,Male,All Organs,Leading Death Mechanism,1
FL,Male,All Organs,Leading Death Mechanism,2
DC,Male,All Organs,Leading Death Mechanism,1
CT,Male,All Organs,Leading Death Mechanism,1
CO,Male,All Organs,Leading Death Mechanism,2
CA,Male,All Organs,Leading Death Mechanism,1
AR,Male,All Organs,Leading Death Mechanism,2
AZ,Male,All Organs,Leading Death Mechanism,2
AL,Male,All Organs,Leading Death Mechanism,1
WI,Male,All Organs,Total Donors,112
WA,Male,All Organs,Total Donors,98
VA,Male,All Organs,Total Donors,106
UT,Male,All Organs,Total Donors,48
TX,Male,All Organs,Total Donors,390
TN,Male,All Organs,Total Donors,181
SC,Male,All Organs,Total Donors,58
PR,Male,All Organs,Total Donors,66
PA,Male,All Organs,Total Donors,359
OR,Male,All Organs,Total Donors,44
OK,Male,All Organs,Total Donors,53
OH,Male,All Organs,Total Donors,175
NC,Male,All Organs,Total Donors,164
NY,Male,All Organs,Total Donors,216
NM,Male,All Organs,Total Donors,21
NJ,Male,All Organs,Total Donors,92
NV,Male,All Organs,Total Donors,41
NE,Male,All Organs,Total Donors,22
MO,Male,All Organs,Total Donors,83
MS,Male,All Organs,Total Donors,46
MN,Male,All Organs,Total Donors,90
MI,Male,All Organs,Total Donors,149
MA,Male,All Organs,Total Donors,140
MD,Male,All Organs,Total Donors,84
LA,Male,All Organs,Total Donors,95
KY,Male,All Organs,Total Donors,50
KS,Male,All Organs,Total Donors,121
IA,Male,All Organs,Total Donors,38
IN,Male,All Organs,Total Donors,94
IL,Male,All Organs,Total Donors,161
HI,Male,All Organs,Total Donors,38
GA,Male,All Organs,Total Donors,146
FL,Male,All Organs,Total Donors,326
DC,Male,All Organs,Total Donors,78
CT,Male,All Organs,Total Donors,29
CO,Male,All Organs,Total Donors,86
CA,Male,All Organs,Total Donors,533
AR,Male,All Organs,Total Donors,41
AZ,Male,All Organs,Total Donors,94
AL,Male,All Organs,Total Donors,52
WI,Male,All Organs,Total Recovered,380
WA,Male,All Organs,Total Recovered,351
VA,Male,All Organs,Total Recovered,348
UT,Male,All Organs,Total Recovered,172
TX,Male,All Organs,Total Recovered,1461
TN,Male,All Organs,Total Recovered,663
SC,Male,All Organs,Total Recovered,219
PR,Male,All Organs,Total Recovered,250
PA,Male,All Organs,Total Recovered,1250
OR,Male,All Organs,Total Recovered,163
OK,Male,All Organs,Total Recovered,208
OH,Male,All Organs,Total Recovered,636
NC,Male,All Organs,Total Recovered,594
NY,Male,All Organs,Total Recovered,685
NM,Male,All Organs,Total Recovered,68
NJ,Male,All Organs,Total Recovered,306
NV,Male,All Organs,Total Recovered,145
NE,Male,All Organs,Total Recovered,82
MO,Male,All Organs,Total Recovered,310
MS,Male,All Organs,Total Recovered,175
MN,Male,All Organs,Total Recovered,326
MI,Male,All Organs,Total Recovered,501
MA,Male,All Organs,Total Recovered,472
MD,Male,All Organs,Total Recovered,326
LA,Male,All Organs,Total Recovered,362
KY,Male,All Organs,Total Recovered,184
KS,Male,All Organs,Total Recovered,423
IA,Male,All Organs,Total Recovered,141
IN,Male,All Organs,Total Recovered,367
IL,Male,All Organs,Total Recovered,548
HI,Male,All Organs,Total Recovered,104
GA,Male,All Organs,Total Recovered,522
FL,Male,All Organs,Total Recovered,1174
DC,Male,All Organs,Total Recovered,262
CT,Male,All Organs,Total Recovered,110
CO,Male,All Organs,Total Recovered,306
CA,Male,All Organs,Total Recovered,1967
AR,Male,All Organs,Total Recovered,147
AZ,Male,All Organs,Total Recovered,349
AL,Male,All Organs,Total Recovered,186
WI,Male,Kidney,Total Recovered,202
WA,Male,Kidney,Total Recovered,190
VA,Male,Kidney,Total Recovered,199
UT,Male,Kidney,Total Recovered,91
TX,Male,Kidney,Total Recovered,709
TN,Male,Kidney,Total Recovered,330
SC,Male,Kidney,Total Recovered,107
PR,Male,Kidney,Total Recovered,119
PA,Male,Kidney,Total Recovered,629
OR,Male,Kidney,Total Recovered,82
OK,Male,Kidney,Total Recovered,105
OH,Male,Kidney,Total Recovered,322
NC,Male,Kidney,Total Recovered,307
NY,Male,Kidney,Total Recovered,368
NM,Male,Kidney,Total Recovered,38
NJ,Male,Kidney,Total Recovered,170
NV,Male,Kidney,Total Recovered,82
NE,Male,Kidney,Total Recovered,42
MO,Male,Kidney,Total Recovered,136
MS,Male,Kidney,Total Recovered,85
MN,Male,Kidney,Total Recovered,163
MI,Male,Kidney,Total Recovered,270
MA,Male,Kidney,Total Recovered,265
MD,Male,Kidney,Total Recovered,159
LA,Male,Kidney,Total Recovered,154
KY,Male,Kidney,Total Recovered,96
KS,Male,Kidney,Total Recovered,219
IA,Male,Kidney,Total Recovered,74
IN,Male,Kidney,Total Recovered,173
IL,Male,Kidney,Total Recovered,289
HI,Male,Kidney,Total Recovered,74
GA,Male,Kidney,Total Recovered,220
FL,Male,Kidney,Total Recovered,586
DC,Male,Kidney,Total Recovered,122
CT,Male,Kidney,Total Recovered,58
CO,Male,Kidney,Total Recovered,162
CA,Male,Kidney,Total Recovered,1018
AR,Male,Kidney,Total Recovered,75
AZ,Male,Kidney,Total Recovered,175
AL,Male,Kidney,Total Recovered,98
WI,Male,Pancreas,Total Recovered,52
WA,Male,Pancreas,Total Recovered,26
VA,Male,Pancreas,Total Recovered,21
UT,Male,Pancreas,Total Recovered,8
TX,Male,Pancreas,Total Recovered,110
TN,Male,Pancreas,Total Recovered,59
SC,Male,Pancreas,Total Recovered,15
PR,Male,Pancreas,Total Recovered,17
PA,Male,Pancreas,Total Recovered,63
OR,Male,Pancreas,Total Recovered,6
OK,Male,Pancreas,Total Recovered,12
OH,Male,Pancreas,Total Recovered,46
NC,Male,Pancreas,Total Recovered,31
NY,Male,Pancreas,Total Recovered,34
NM,Male,Pancreas,Total Recovered,1
NJ,Male,Pancreas,Total Recovered,15
NV,Male,Pancreas,Total Recovered,9
NE,Male,Pancreas,Total Recovered,6
MO,Male,Pancreas,Total Recovered,13
MS,Male,Pancreas,Total Recovered,7
MN,Male,Pancreas,Total Recovered,20
MI,Male,Pancreas,Total Recovered,24
MA,Male,Pancreas,Total Recovered,30
MD,Male,Pancreas,Total Recovered,26
LA,Male,Pancreas,Total Recovered,28
KY,Male,Pancreas,Total Recovered,9
KS,Male,Pancreas,Total Recovered,29
IA,Male,Pancreas,Total Recovered,10
IN,Male,Pancreas,Total Recovered,32
IL,Male,Pancreas,Total Recovered,50
HI,Male,Pancreas,Total Recovered,7
GA,Male,Pancreas,Total Recovered,29
FL,Male,Pancreas,Total Recovered,68
DC,Male,Pancreas,Total Recovered,17
CT,Male,Pancreas,Total Recovered,10
CO,Male,Pancreas,Total Recovered,19
CA,Male,Pancreas,Total Recovered,98
AR,Male,Pancreas,Total Recovered,6
AZ,Male,Pancreas,Total Recovered,18
AL,Male,Pancreas,Total Recovered,14
WI,Male,Liver,Total Recovered,90
WA,Male,Liver,Total Recovered,75
VA,Male,Liver,Total Recovered,87
UT,Male,Liver,Total Recovered,34
TX,Male,Liver,Total Recovered,298
TN,Male,Liver,Total Recovered,155
SC,Male,Liver,Total Recovered,52
PR,Male,Liver,Total Recovered,57
PA,Male,Liver,Total Recovered,315
OR,Male,Liver,Total Recovered,37
OK,Male,Liver,Total Recovered,42
OH,Male,Liver,Total Recovered,149
NC,Male,Liver,Total Recovered,121
NY,Male,Liver,Total Recovered,175
NM,Male,Liver,Total Recovered,17
NJ,Male,Liver,Total Recovered,63
NV,Male,Liver,Total Recovered,33
NE,Male,Liver,Total Recovered,21
MO,Male,Liver,Total Recovered,70
MS,Male,Liver,Total Recovered,43
MN,Male,Liver,Total Recovered,77
MI,Male,Liver,Total Recovered,103
MA,Male,Liver,Total Recovered,104
MD,Male,Liver,Total Recovered,69
LA,Male,Liver,Total Recovered,92
KY,Male,Liver,Total Recovered,44
KS,Male,Liver,Total Recovered,84
IA,Male,Liver,Total Recovered,28
IN,Male,Liver,Total Recovered,84
IL,Male,Liver,Total Recovered,114
HI,Male,Liver,Total Recovered,23
GA,Male,Liver,Total Recovered,131
FL,Male,Liver,Total Recovered,289
DC,Male,Liver,Total Recovered,68
CT,Male,Liver,Total Recovered,24
CO,Male,Liver,Total Recovered,67
CA,Male,Liver,Total Recovered,411
AR,Male,Liver,Total Recovered,36
AZ,Male,Liver,Total Recovered,80
AL,Male,Liver,Total Recovered,45
WI,Male,Intestine,Total Recovered,1
WA,Male,Intestine,Total Recovered,0
VA,Male,Intestine,Total Recovered,0
UT,Male,Intestine,Total Recovered,1
TX,Male,Intestine,Total Recovered,3
TN,Male,Intestine,Total Recovered,3
SC,Male,Intestine,Total Recovered,0
PR,Male,Intestine,Total Recovered,0
PA,Male,Intestine,Total Recovered,2
OR,Male,Intestine,Total Recovered,0
OK,Male,Intestine,Total Recovered,2
OH,Male,Intestine,Total Recovered,1
NC,Male,Intestine,Total Recovered,1
NY,Male,Intestine,Total Recovered,3
NM,Male,Intestine,Total Recovered,0
NJ,Male,Intestine,Total Recovered,0
NV,Male,Intestine,Total Recovered,3
NE,Male,Intestine,Total Recovered,0
MO,Male,Intestine,Total Recovered,1
MS,Male,Intestine,Total Recovered,1
MN,Male,Intestine,Total Recovered,2
MI,Male,Intestine,Total Recovered,3
MA,Male,Intestine,Total Recovered,3
MD,Male,Intestine,Total Recovered,0
LA,Male,Intestine,Total Recovered,2
KY,Male,Intestine,Total Recovered,0
KS,Male,Intestine,Total Recovered,1
IA,Male,Intestine,Total Recovered,2
IN,Male,Intestine,Total Recovered,10
IL,Male,Intestine,Total Recovered,4
HI,Male,Intestine,Total Recovered,0
GA,Male,Intestine,Total Recovered,2
FL,Male,Intestine,Total Recovered,11
DC,Male,Intestine,Total Recovered,0
CT,Male,Intestine,Total Recovered,0
CO,Male,Intestine,Total Recovered,1
CA,Male,Intestine,Total Recovered,3
AR,Male,Intestine,Total Recovered,0
AZ,Male,Intestine,Total Recovered,0
AL,Male,Intestine,Total Recovered,0
WI,Male,Heart,Total Recovered,35
WA,Male,Heart,Total Recovered,37
VA,Male,Heart,Total Recovered,24
UT,Male,Heart,Total Recovered,22
TX,Male,Heart,Total Recovered,171
TN,Male,Heart,Total Recovered,66
SC,Male,Heart,Total Recovered,22
PR,Male,Heart,Total Recovered,22
PA,Male,Heart,Total Recovered,104
OR,Male,Heart,Total Recovered,17
OK,Male,Heart,Total Recovered,19
OH,Male,Heart,Total Recovered,65
NC,Male,Heart,Total Recovered,52
NY,Male,Heart,Total Recovered,72
NM,Male,Heart,Total Recovered,4
NJ,Male,Heart,Total Recovered,28
NV,Male,Heart,Total Recovered,10
NE,Male,Heart,Total Recovered,5
MO,Male,Heart,Total Recovered,27
MS,Male,Heart,Total Recovered,17
MN,Male,Heart,Total Recovered,31
MI,Male,Heart,Total Recovered,52
MA,Male,Heart,Total Recovered,36
MD,Male,Heart,Total Recovered,27
LA,Male,Heart,Total Recovered,31
KY,Male,Heart,Total Recovered,15
KS,Male,Heart,Total Recovered,38
IA,Male,Heart,Total Recovered,13
IN,Male,Heart,Total Recovered,38
IL,Male,Heart,Total Recovered,45
HI,Male,Heart,Total Recovered,0
GA,Male,Heart,Total Recovered,66
FL,Male,Heart,Total Recovered,114
DC,Male,Heart,Total Recovered,19
CT,Male,Heart,Total Recovered,12
CO,Male,Heart,Total Recovered,33
CA,Male,Heart,Total Recovered,189
AR,Male,Heart,Total Recovered,17
AZ,Male,Heart,Total Recovered,34
AL,Male,Heart,Total Recovered,14
WI,Male,Lung,Total Recovered,22
WA,Male,Lung,Total Recovered,34
VA,Male,Lung,Total Recovered,28
UT,Male,Lung,Total Recovered,18
TX,Male,Lung,Total Recovered,201
TN,Male,Lung,Total Recovered,73
SC,Male,Lung,Total Recovered,31
PR,Male,Lung,Total Recovered,36
PA,Male,Lung,Total Recovered,137
OR,Male,Lung,Total Recovered,21
OK,Male,Lung,Total Recovered,28
OH,Male,Lung,Total Recovered,53
NC,Male,Lung,Total Recovered,82
NY,Male,Lung,Total Recovered,33
NM,Male,Lung,Total Recovered,8
NJ,Male,Lung,Total Recovered,30
NV,Male,Lung,Total Recovered,8
NE,Male,Lung,Total Recovered,8
MO,Male,Lung,Total Recovered,63
MS,Male,Lung,Total Recovered,22
MN,Male,Lung,Total Recovered,33
MI,Male,Lung,Total Recovered,49
MA,Male,Lung,Total Recovered,34
MD,Male,Lung,Total Recovered,45
LA,Male,Lung,Total Recovered,55
KY,Male,Lung,Total Recovered,20
KS,Male,Lung,Total Recovered,52
IA,Male,Lung,Total Recovered,14
IN,Male,Lung,Total Recovered,30
IL,Male,Lung,Total Recovered,46
HI,Male,Lung,Total Recovered,0
GA,Male,Lung,Total Recovered,74
FL,Male,Lung,Total Recovered,106
DC,Male,Lung,Total Recovered,36
CT,Male,Lung,Total Recovered,6
CO,Male,Lung,Total Recovered,24
CA,Male,Lung,Total Recovered,248
AR,Male,Lung,Total Recovered,13
AZ,Male,Lung,Total Recovered,42
AL,Male,Lung,Total Recovered,15
WI,Male,All Organs,Total Transplanted,324
WA,Male,All Organs,Total Transplanted,288
VA,Male,All Organs,Total Transplanted,286
UT,Male,All Organs,Total Transplanted,159
TX,Male,All Organs,Total Transplanted,1304
TN,Male,All Organs,Total Transplanted,549
SC,Male,All Organs,Total Transplanted,199
PR,Male,All Organs,Total Transplanted,206
PA,Male,All Organs,Total Transplanted,942
OR,Male,All Organs,Total Transplanted,149
OK,Male,All Organs,Total Transplanted,196
OH,Male,All Organs,Total Transplanted,567
NC,Male,All Organs,Total Transplanted,491
NY,Male,All Organs,Total Transplanted,604
NM,Male,All Organs,Total Transplanted,55
NJ,Male,All Organs,Total Transplanted,267
NV,Male,All Organs,Total Transplanted,123
NE,Male,All Organs,Total Transplanted,78
MO,Male,All Organs,Total Transplanted,280
MS,Male,All Organs,Total Transplanted,159
MN,Male,All Organs,Total Transplanted,272
MI,Male,All Organs,Total Transplanted,432
MA,Male,All Organs,Total Transplanted,414
MD,Male,All Organs,Total Transplanted,265
LA,Male,All Organs,Total Transplanted,340
KY,Male,All Organs,Total Transplanted,158
KS,Male,All Organs,Total Transplanted,368
IA,Male,All Organs,Total Transplanted,124
IN,Male,All Organs,Total Transplanted,317
IL,Male,All Organs,Total Transplanted,487
HI,Male,All Organs,Total Transplanted,79
GA,Male,All Organs,Total Transplanted,479
FL,Male,All Organs,Total Transplanted,1077
DC,Male,All Organs,Total Transplanted,227
CT,Male,All Organs,Total Transplanted,99
CO,Male,All Organs,Total Transplanted,263
CA,Male,All Organs,Total Transplanted,1778
AR,Male,All Organs,Total Transplanted,126
AZ,Male,All Organs,Total Transplanted,308
AL,Male,All Organs,Total Transplanted,162
WI,Male,Kidney,Total Transplanted,169
WA,Male,Kidney,Total Transplanted,162
VA,Male,Kidney,Total Transplanted,154
UT,Male,Kidney,Total Transplanted,81
TX,Male,Kidney,Total Transplanted,591
TN,Male,Kidney,Total Transplanted,240
SC,Male,Kidney,Total Transplanted,97
PR,Male,Kidney,Total Transplanted,87
PA,Male,Kidney,Total Transplanted,476
OR,Male,Kidney,Total Transplanted,74
OK,Male,Kidney,Total Transplanted,99
OH,Male,Kidney,Total Transplanted,271
NC,Male,Kidney,Total Transplanted,242
NY,Male,Kidney,Total Transplanted,309
NM,Male,Kidney,Total Transplanted,27
NJ,Male,Kidney,Total Transplanted,145
NV,Male,Kidney,Total Transplanted,67
NE,Male,Kidney,Total Transplanted,40
MO,Male,Kidney,Total Transplanted,114
MS,Male,Kidney,Total Transplanted,75
MN,Male,Kidney,Total Transplanted,123
MI,Male,Kidney,Total Transplanted,215
MA,Male,Kidney,Total Transplanted,232
MD,Male,Kidney,Total Transplanted,118
LA,Male,Kidney,Total Transplanted,135
KY,Male,Kidney,Total Transplanted,76
KS,Male,Kidney,Total Transplanted,181
IA,Male,Kidney,Total Transplanted,62
IN,Male,Kidney,Total Transplanted,146
IL,Male,Kidney,Total Transplanted,248
HI,Male,Kidney,Total Transplanted,59
GA,Male,Kidney,Total Transplanted,191
FL,Male,Kidney,Total Transplanted,523
DC,Male,Kidney,Total Transplanted,106
CT,Male,Kidney,Total Transplanted,54
CO,Male,Kidney,Total Transplanted,142
CA,Male,Kidney,Total Transplanted,879
AR,Male,Kidney,Total Transplanted,62
AZ,Male,Kidney,Total Transplanted,149
AL,Male,Kidney,Total Transplanted,78
WI,Male,Pancreas,Total Transplanted,23
WA,Male,Pancreas,Total Transplanted,9
VA,Male,Pancreas,Total Transplanted,9
UT,Male,Pancreas,Total Transplanted,6
TX,Male,Pancreas,Total Transplanted,65
TN,Male,Pancreas,Total Transplanted,27
SC,Male,Pancreas,Total Transplanted,6
PR,Male,Pancreas,Total Transplanted,14
PA,Male,Pancreas,Total Transplanted,37
OR,Male,Pancreas,Total Transplanted,6
OK,Male,Pancreas,Total Transplanted,8
OH,Male,Pancreas,Total Transplanted,39
NC,Male,Pancreas,Total Transplanted,19
NY,Male,Pancreas,Total Transplanted,24
NM,Male,Pancreas,Total Transplanted,0
NJ,Male,Pancreas,Total Transplanted,11
NV,Male,Pancreas,Total Transplanted,5
NE,Male,Pancreas,Total Transplanted,5
MO,Male,Pancreas,Total Transplanted,10
MS,Male,Pancreas,Total Transplanted,4
MN,Male,Pancreas,Total Transplanted,12
MI,Male,Pancreas,Total Transplanted,23
MA,Male,Pancreas,Total Transplanted,18
MD,Male,Pancreas,Total Transplanted,17
LA,Male,Pancreas,Total Transplanted,27
KY,Male,Pancreas,Total Transplanted,6
KS,Male,Pancreas,Total Transplanted,21
IA,Male,Pancreas,Total Transplanted,9
IN,Male,Pancreas,Total Transplanted,21
IL,Male,Pancreas,Total Transplanted,34
HI,Male,Pancreas,Total Transplanted,5
GA,Male,Pancreas,Total Transplanted,26
FL,Male,Pancreas,Total Transplanted,54
DC,Male,Pancreas,Total Transplanted,11
CT,Male,Pancreas,Total Transplanted,6
CO,Male,Pancreas,Total Transplanted,17
CA,Male,Pancreas,Total Transplanted,80
AR,Male,Pancreas,Total Transplanted,4
AZ,Male,Pancreas,Total Transplanted,13
AL,Male,Pancreas,Total Transplanted,12
WI,Male,Liver,Total Transplanted,74
WA,Male,Liver,Total Transplanted,49
VA,Male,Liver,Total Transplanted,71
UT,Male,Liver,Total Transplanted,31
TX,Male,Liver,Total Transplanted,275
TN,Male,Liver,Total Transplanted,143
SC,Male,Liver,Total Transplanted,47
PR,Male,Liver,Total Transplanted,56
PA,Male,Liver,Total Transplanted,243
OR,Male,Liver,Total Transplanted,31
OK,Male,Liver,Total Transplanted,41
OH,Male,Liver,Total Transplanted,141
NC,Male,Liver,Total Transplanted,109
NY,Male,Liver,Total Transplanted,167
NM,Male,Liver,Total Transplanted,17
NJ,Male,Liver,Total Transplanted,57
NV,Male,Liver,Total Transplanted,30
NE,Male,Liver,Total Transplanted,20
MO,Male,Liver,Total Transplanted,65
MS,Male,Liver,Total Transplanted,40
MN,Male,Liver,Total Transplanted,71
MI,Male,Liver,Total Transplanted,93
MA,Male,Liver,Total Transplanted,92
MD,Male,Liver,Total Transplanted,60
LA,Male,Liver,Total Transplanted,90
KY,Male,Liver,Total Transplanted,42
KS,Male,Liver,Total Transplanted,78
IA,Male,Liver,Total Transplanted,24
IN,Male,Liver,Total Transplanted,74
IL,Male,Liver,Total Transplanted,111
HI,Male,Liver,Total Transplanted,15
GA,Male,Liver,Total Transplanted,123
FL,Male,Liver,Total Transplanted,277
DC,Male,Liver,Total Transplanted,57
CT,Male,Liver,Total Transplanted,21
CO,Male,Liver,Total Transplanted,51
CA,Male,Liver,Total Transplanted,381
AR,Male,Liver,Total Transplanted,30
AZ,Male,Liver,Total Transplanted,72
AL,Male,Liver,Total Transplanted,43
WI,Male,Intestine,Total Transplanted,1
WA,Male,Intestine,Total Transplanted,0
VA,Male,Intestine,Total Transplanted,0
UT,Male,Intestine,Total Transplanted,1
TX,Male,Intestine,Total Transplanted,2
TN,Male,Intestine,Total Transplanted,3
SC,Male,Intestine,Total Transplanted,0
PR,Male,Intestine,Total Transplanted,0
PA,Male,Intestine,Total Transplanted,2
OR,Male,Intestine,Total Transplanted,0
OK,Male,Intestine,Total Transplanted,2
OH,Male,Intestine,Total Transplanted,1
NC,Male,Intestine,Total Transplanted,1
NY,Male,Intestine,Total Transplanted,3
NM,Male,Intestine,Total Transplanted,0
NJ,Male,Intestine,Total Transplanted,0
NV,Male,Intestine,Total Transplanted,3
NE,Male,Intestine,Total Transplanted,0
MO,Male,Intestine,Total Transplanted,1
MS,Male,Intestine,Total Transplanted,1
MN,Male,Intestine,Total Transplanted,2
MI,Male,Intestine,Total Transplanted,3
MA,Male,Intestine,Total Transplanted,3
MD,Male,Intestine,Total Transplanted,0
LA,Male,Intestine,Total Transplanted,2
KY,Male,Intestine,Total Transplanted,0
KS,Male,Intestine,Total Transplanted,1
IA,Male,Intestine,Total Transplanted,2
IN,Male,Intestine,Total Transplanted,8
IL,Male,Intestine,Total Transplanted,3
HI,Male,Intestine,Total Transplanted,0
GA,Male,Intestine,Total Transplanted,2
FL,Male,Intestine,Total Transplanted,9
DC,Male,Intestine,Total Transplanted,0
CT,Male,Intestine,Total Transplanted,0
CO,Male,Intestine,Total Transplanted,1
CA,Male,Intestine,Total Transplanted,3
AR,Male,Intestine,Total Transplanted,0
AZ,Male,Intestine,Total Transplanted,0
AL,Male,Intestine,Total Transplanted,0
WI,Male,Heart,Total Transplanted,35
WA,Male,Heart,Total Transplanted,36
VA,Male,Heart,Total Transplanted,24
UT,Male,Heart,Total Transplanted,22
TX,Male,Heart,Total Transplanted,170
TN,Male,Heart,Total Transplanted,66
SC,Male,Heart,Total Transplanted,22
PR,Male,Heart,Total Transplanted,22
PA,Male,Heart,Total Transplanted,97
OR,Male,Heart,Total Transplanted,17
OK,Male,Heart,Total Transplanted,19
OH,Male,Heart,Total Transplanted,65
NC,Male,Heart,Total Transplanted,51
NY,Male,Heart,Total Transplanted,72
NM,Male,Heart,Total Transplanted,4
NJ,Male,Heart,Total Transplanted,28
NV,Male,Heart,Total Transplanted,10
NE,Male,Heart,Total Transplanted,5
MO,Male,Heart,Total Transplanted,27
MS,Male,Heart,Total Transplanted,17
MN,Male,Heart,Total Transplanted,31
MI,Male,Heart,Total Transplanted,51
MA,Male,Heart,Total Transplanted,35
MD,Male,Heart,Total Transplanted,27
LA,Male,Heart,Total Transplanted,31
KY,Male,Heart,Total Transplanted,15
KS,Male,Heart,Total Transplanted,38
IA,Male,Heart,Total Transplanted,13
IN,Male,Heart,Total Transplanted,38
IL,Male,Heart,Total Transplanted,45
HI,Male,Heart,Total Transplanted,0
GA,Male,Heart,Total Transplanted,66
FL,Male,Heart,Total Transplanted,113
DC,Male,Heart,Total Transplanted,17
CT,Male,Heart,Total Transplanted,12
CO,Male,Heart,Total Transplanted,32
CA,Male,Heart,Total Transplanted,189
AR,Male,Heart,Total Transplanted,17
AZ,Male,Heart,Total Transplanted,34
AL,Male,Heart,Total Transplanted,14
WI,Male,Lung,Total Transplanted,22
WA,Male,Lung,Total Transplanted,32
VA,Male,Lung,Total Transplanted,28
UT,Male,Lung,Total Transplanted,18
TX,Male,Lung,Total Transplanted,201
TN,Male,Lung,Total Transplanted,70
SC,Male,Lung,Total Transplanted,27
PR,Male,Lung,Total Transplanted,27
PA,Male,Lung,Total Transplanted,87
OR,Male,Lung,Total Transplanted,21
OK,Male,Lung,Total Transplanted,27
OH,Male,Lung,Total Transplanted,50
NC,Male,Lung,Total Transplanted,69
NY,Male,Lung,Total Transplanted,29
NM,Male,Lung,Total Transplanted,7
NJ,Male,Lung,Total Transplanted,26
NV,Male,Lung,Total Transplanted,8
NE,Male,Lung,Total Transplanted,8
MO,Male,Lung,Total Transplanted,63
MS,Male,Lung,Total Transplanted,22
MN,Male,Lung,Total Transplanted,33
MI,Male,Lung,Total Transplanted,47
MA,Male,Lung,Total Transplanted,34
MD,Male,Lung,Total Transplanted,43
LA,Male,Lung,Total Transplanted,55
KY,Male,Lung,Total Transplanted,19
KS,Male,Lung,Total Transplanted,49
IA,Male,Lung,Total Transplanted,14
IN,Male,Lung,Total Transplanted,30
IL,Male,Lung,Total Transplanted,46
HI,Male,Lung,Total Transplanted,0
GA,Male,Lung,Total Transplanted,71
FL,Male,Lung,Total Transplanted,101
DC,Male,Lung,Total Transplanted,36
CT,Male,Lung,Total Transplanted,6
CO,Male,Lung,Total Transplanted,20
CA,Male,Lung,Total Transplanted,246
AR,Male,Lung,Total Transplanted,13
AZ,Male,Lung,Total Transplanted,40
AL,Male,Lung,Total Transplanted,15
WI,Male,All Organs,Population,2842225
WA,Male,All Organs,Population,3440311
VA,Male,All Organs,Population,4023398
UT,Male,All Organs,Population,1435471
TX,Male,All Organs,Population,12948171
TN,Male,All Organs,Population,3149097
SC,Male,All Organs,Population,2298812
PR,Male,All Organs,Population,3725789
PA,Male,All Organs,Population,6232018
OR,Male,All Organs,Population,1929561
OK,Male,All Organs,Population,1889507
OH,Male,All Organs,Population,5647226
NC,Male,All Organs,Population,4750263
NY,Male,All Organs,Population,9494639
NM,Male,All Organs,Population,1031829
NJ,Male,All Organs,Population,4325310
NV,Male,All Organs,Population,1388773
NE,Male,All Organs,Population,922123
MO,Male,All Organs,Population,2952485
MS,Male,All Organs,Population,1451645
MN,Male,All Organs,Population,2672357
MI,Male,All Organs,Population,4850801
MA,Male,All Organs,Population,3219920
MD,Male,All Organs,Population,2851828
LA,Male,All Organs,Population,2252408
KY,Male,All Organs,Population,2155895
KS,Male,All Organs,Population,1435458
IA,Male,All Organs,Population,1524910
IN,Male,All Organs,Population,3218520
IL,Male,All Organs,Population,6315958
HI,Male,All Organs,Population,700502
GA,Male,All Organs,Population,4848124
FL,Male,All Organs,Population,9447319
DC,Male,All Organs,Population,299696
CT,Male,All Organs,Population,1750881
CO,Male,All Organs,Population,2604770
CA,Male,All Organs,Population,18895965
AR,Male,All Organs,Population,1448951
AZ,Male,All Organs,Population,3257757
AL,Male,All Organs,Population,2337239
